지점,일시,평균기온(°C),최저기온(°C),최저기온 시각(hhmi),최고기온(°C),최고기온 시각(hhmi),강수 계속시간(hr),10분 최다 강수량(mm),10분 최다강수량 시각(hhmi),1시간 최다강수량(mm),1시간 최다 강수량 시각(hhmi),일강수량(mm),최대 순간 풍속(m/s),최대 순간 풍속 풍향(16방위),최대 순간풍속 시각(hhmi),최대 풍속(m/s),최대 풍속 풍향(16방위),최대 풍속 시각(hhmi),평균 풍속(m/s),풍정합(100m),평균 이슬점온도(°C),최소 상대습도(%),최소 상대습도 시각(hhmi),평균 상대습도(%),평균 증기압(hPa),평균 현지기압(hPa),최고 해면기압(hPa),최고 해면기압 시각(hhmi),최저 해면기압(hPa),최저 해면기압 시각(hhmi),평균 해면기압(hPa),가조시간(hr),합계 일조 시간(hr),1시간 최다일사 시각(hhmi),1시간 최다일사량(MJ/m2),합계 일사(MJ/m2),일 최심신적설(cm),일 최심신적설 시각(hhmi),일 최심적설(cm),일 최심적설 시각(hhmi),합계 3시간 신적설(cm),평균 전운량(1/10),평균 중하층운량(1/10),평균 지면온도(°C),최저 초상온도(°C),평균 5cm 지중온도(°C),평균 10cm 지중온도(°C),평균 20cm 지중온도(°C),평균 30cm 지중온도(°C),0.5m 지중온도(°C),1.0m 지중온도(°C),1.5m 지중온도(°C),3.0m 지중온도(°C),5.0m 지중온도(°C),합계 대형증발량(mm),합계 소형증발량(mm),9-9강수(mm),안개 계속시간(hr)
108,1991-01-01,.8,-4.5,2400,3.2,0,9.05,,,,,.5,10.4,290,1842,7.3,290,1847,3.1,2696,-3.6,58,1930,72.8,4.8,1005.6,1020.2,2400,1014.6,624,1016.6,9.6,0,1330,.26,.89,,,,,,7.5,4.5,-.3,-7.6,,,,,,,,,,,,.2,
108,1991-01-02,-6.1,-7.9,820,-3.4,1346,,,,,,,13,270,1448,7.8,270,1320,3.3,2875,-18.5,25,1330,40.5,1.5,1012.9,1025.8,2352,1020.1,120,1024.2,9.6,8.4,1117,.2,.97,,,,,,1.3,0,-5,-11.8,,,,,,,,,,,,,
108,1991-01-03,-6.2,-9.7,452,-.4,1713,2.55,,,,,1.7,17.1,290,1723,10.3,290,1733,2.7,2372,-11.9,37,0,65.8,2.7,1011.5,1025.7,0,1017.6,1600,1022.7,9.6,4.6,1104,.38,1.39,3,1650,3,1650,8.4,4.8,3.1,-4.3,-11.8,,,,,,,,,,,,1.7,
108,1991-01-04,-8.5,-10.8,759,-5.3,1520,,,,,,,11,270,1413,6.7,270,1431,3.6,3130,-17.4,40,1053,48.8,1.6,1013.4,1026.6,949,1023,1421,1024.7,9.6,8.1,1230,1.13,5.69,,,2.8,0,,1.3,.3,-4.8,-15.3,,,,,,,,,,,,,
108,1991-01-05,-10.1,-12.8,547,-7,1541,,,,,,,11.8,320,1005,7.7,290,1320,3.8,3255,-18.9,41,1330,49.3,1.4,1011.9,1025.7,2340,1021.2,1355,1023.4,9.7,8.4,1200,1.09,5.88,,,1.3,0,,0,0,-5.8,-15.5,,,,,,,,,,,,,
108,1991-01-06,-8,-12.9,625,-2.6,1438,,,,,,,5.8,320,1520,3.5,290,1410,1.6,1344,-13.7,41,1653,64.3,2.2,1014.9,1027.5,1048,1025,151,1026.3,9.7,8.1,1200,1.28,6.43,,,.7,0,,1,1.8,-5.8,-13.5,,,,,,,,,,,,.3,
108,1991-01-07,-4.3,-7.4,2400,-.7,1453,7.97,,,,,.4,10,270,1608,7.2,290,1730,3,2576,-8.6,54,308,72.5,3.3,1010.3,1026.1,0,1018.6,1328,1021.6,9.7,2.8,1400,.93,2.72,2.6,1213,2.6,1213,2.3,6.3,2.9,-2.9,-10.3,,,,,,,,,,,,.1,
108,1991-01-08,-7.3,-11.1,815,-3.9,1530,,,,,,,7.9,270,1719,5.3,270,1720,2.7,2293,-13.6,43,1455,62.8,2.2,1011.8,1024.5,1017,1021.4,1438,1023.1,9.7,7.9,1207,1.35,7.43,,,1.5,0,,0,0,-4.4,-13.9,,,,,,,,,,,,,
108,1991-01-09,-5.5,-10.6,759,-.2,1530,,,,,,,7,270,1550,4.7,270,1601,1.5,1330,-10.9,44,1430,67.8,2.7,1012.8,1025.7,946,1022.8,1517,1024.1,9.7,7.5,1118,1.19,5.79,,,1,0,,1.3,.3,-5.1,-15.3,,,,,,,,,,,,0,
108,1991-01-10,-1.4,-4.1,2400,1.7,1323,1.33,,,,,0,8.2,290,1353,5.7,290,1450,1.3,1102,-7.1,43,1313,66.5,3.7,1011.2,1023.7,0,1020.7,1410,1022.3,9.7,6.6,1150,1.11,5.72,,,.2,0,,6,1.3,-2.3,-8.6,,,,,,,,,,,,,
108,1991-01-11,-3.2,-6.3,753,.2,1550,,,,,,,6,270,1515,4,270,1639,1.8,1530,-9.6,41,1643,61.8,3,1009.3,1022,0,1018.3,1328,1020.4,9.8,4.1,1135,1.03,4.67,,,,,,4.8,2,-3,-10.7,,,,,,,,,,,,,
108,1991-01-12,-3.8,-6.8,2400,.3,1420,,,,,,,11.1,320,2106,6.5,270,1940,3.4,2933,-12.4,39,1500,52.3,2.4,1010.6,1025.5,2400,1020.1,117,1021.8,9.8,7.7,1155,1.25,7.16,,,,,,.5,.4,-3.8,-12.8,,,,,,,,,,,,,
108,1991-01-13,-6,-9.2,801,-2.7,1435,,,,,,,12.2,290,1427,7,290,1428,3,2609,-14.8,33,1454,51,2,1016.8,1031.5,2400,1025.5,0,1028,9.8,8.6,1209,1.45,8.12,,,,,,0,.5,-5,-14.8,,,,,,,,,,,,,
108,1991-01-14,-6,-8.8,342,-2.3,1625,,,,,,,5.9,290,1434,3.7,290,1432,1.4,1252,-16,32,1516,45.8,1.8,1019.3,1032.5,304,1029.1,1401,1030.7,9.8,2.8,1252,.88,4.29,,,,,,4.3,1,-5.7,-15.1,,,,,,,,,,,,0,
108,1991-01-15,-3.1,-7.2,324,2.2,1547,2.42,,,,,0,5.1,50,957,3.7,50,1005,1.7,1503,-7.7,53,0,71.8,3.6,1017,1029.5,0,1026.7,1522,1028.3,9.8,3.4,1235,1.19,3.92,.2,735,.2,735,.2,4.3,2.9,-3.8,-13,,,,,,,,,,,,,
108,1991-01-16,1.1,-4.5,310,6.5,1612,1.58,,,,,1.3,11.1,230,2100,7.3,230,2208,3.1,2694,-2.4,55,1302,78.3,5.3,1013.8,1029.1,0,1019.7,2225,1024.9,9.9,3,1115,1.15,4.72,,,,,,5.8,3.1,-1.8,-8.5,,,,,,,,,,,,1.3,
108,1991-01-17,-2.5,-5.3,2400,3.3,0,,,,,,,10.3,290,10,6.7,290,40,4,3442,-10.3,44,1644,55.8,2.8,1016,1032.2,2336,1020.4,0,1027.2,9.9,8.6,1210,1.75,10.02,,,,,,1,.5,-2.5,-9.1,,,,,,,,,,,,,
108,1991-01-18,-3,-7.4,530,2.6,1515,,,,,,,4.6,290,745,3.3,290,747,1.5,1254,-11.3,28,1630,52.5,2.6,1021.9,1034.6,1050,1032,0,1033.2,9.9,8.5,1108,1.7,8.99,,,,,,0,0,-4.9,-12.5,,,,,,,,,,,,,
108,1991-01-19,-.4,-5.5,421,6.4,1522,,,,,,,5,270,846,3.3,70,839,1.6,1346,-8.1,35,1630,57.5,3.3,1020.8,1034.2,1022,1029.2,2400,1032,9.9,8.1,1125,1.62,8.77,,,,,,2,0,-3.8,-11.7,,,,,,,,,,,,,
108,1991-01-20,2.2,-4,820,9.7,1509,,,,,,,3.2,70,953,2.7,70,1010,1.2,1032,-7.6,22,1343,54.8,3.5,1015.6,1029.6,35,1023,2400,1026.6,10,7.8,1125,1.78,9.61,,,,,,3.3,1.4,-2.8,-10,,,,,,,,,,,,,
108,1991-01-21,4.6,1.3,640,8.1,1610,,,,,,,6.9,70,1647,3.5,70,1700,1.8,1529,-5.4,35,1432,49.5,4.2,1009.4,1023,0,1018.1,1550,1020.2,10,0,1120,.69,3.09,,,,,,9.3,4.4,.1,-3,,,,,,,,,,,,1,
108,1991-01-22,2.9,.6,2329,4.6,0,12,,,,,1.6,6.2,50,647,3,50,500,2,1693,.3,71,0,84.8,6.3,1013,1028.3,2400,1021.1,150,1023.9,10,0,1310,.27,1.14,,,,,,7.5,4.3,.6,-5.7,,,,,,,,,,,,.6,
108,1991-01-23,1.9,-2.1,747,7.2,1542,,,,,,,4,270,1715,3.5,270,1730,1.4,1187,-2.2,53,1452,74.5,5.2,1018.2,1031.2,930,1026.7,2400,1029.2,10,7.9,1137,1.74,8.88,,,,,,1.5,1.6,.2,-7.2,,,,,,,,,,,,2.2,
108,1991-01-24,.7,-.1,2400,2.1,615,10.03,,,,,8.9,7.7,270,1456,5.3,270,1330,2.3,2006,-.8,76,543,89.5,5.8,1011.1,1026.7,0,1017.8,1410,1022,10.1,0,1245,.19,.62,5,1645,5,1645,4.8,9.5,5,-.2,-5,,,,,,,,,,,,6.7,7.17
108,1991-01-25,-1.4,-3.8,2400,.3,1520,,,,,,,7.9,290,1343,5.3,290,1310,3,2606,-7.2,45,1507,66.5,3.7,1013.1,1027.3,2400,1020.9,30,1024.2,10.1,9.2,1237,2.01,11.72,,,4,0,,2.5,.4,-1.2,-6.1,,,,,,,,,,,,,
108,1991-01-26,-2.7,-6.8,740,1.7,1616,,,,,,,7.7,290,1528,5.5,290,1202,1.9,1602,-10.7,33,1430,57,2.7,1018,1030.6,2253,1027,116,1029.2,10.1,8.8,1200,2.01,11.99,,,3,0,,0,0,-2.9,-7.7,,,,,,,,,,,,,
108,1991-01-27,-2.7,-6.9,712,1.4,1518,,,,,,,5.8,290,1624,4.3,270,1700,1.4,1235,-8.8,50,1507,64,3.2,1020.1,1033.1,2400,1030,40,1031.4,10.2,8.4,1310,1.52,9.11,,,2,0,,.8,0,-3.3,-8.9,,,,,,,,,,,,,
108,1991-01-28,-1.4,-6.3,741,4.8,1432,,,,,,,4,70,1030,3.7,290,1840,1.2,1039,-8.4,35,1530,62.8,3.3,1022.3,1035,903,1032.1,1830,1033.6,10.2,8.6,1237,1.79,10.49,,,.7,0,,2,0,-3.2,-9.1,,,,,,,,,,,,,
108,1991-01-29,0,-4.9,755,5.6,1447,,,,,,,6,290,1858,4.3,290,1839,1.6,1412,-7.4,36,1448,60.3,3.5,1021.2,1034,1030,1030.7,1510,1032.4,10.2,8.6,1215,1.64,10.21,,,,,,1.8,0,-2.6,-8.5,,,,,,,,,,,,,
108,1991-01-30,-.4,-4.2,802,3.9,1346,,,,,,,5.5,170,1755,4.7,270,1810,1.7,1459,-6.3,37,1319,66.3,3.8,1019.5,1032.7,0,1028.7,1630,1030.6,10.2,7.8,1230,1.59,7.41,,,,,,3,.1,-2.5,-8.5,,,,,,,,,,,,,
108,1991-01-31,-1.1,-4.7,820,3.6,1528,,,,,,,6.7,270,1420,4.3,270,1425,2.1,1782,-5.4,47,1715,73.8,4.1,1014.9,1029,0,1023,2400,1026,10.3,6.6,1315,1.79,9.84,,,,,,.8,.4,-2.9,-8.3,,,,,,,,,,,,,
108,1991-02-01,-2,-4.3,730,1.1,1429,,,,,,,7.2,270,1652,5,290,1110,3,2598,-8.3,48,1600,61.5,3.3,1011.5,1024,2400,1021.1,1428,1022.6,10.3,9,1135,1.86,11.46,,,,,,.8,0,-3.2,-9.1,,,,,,,,,,,,,
108,1991-02-02,-2.4,-6.6,822,2.5,1630,,,,,,,6.9,230,1327,4.7,230,1332,1.8,1576,-10.6,30,1423,53.5,2.7,1014.7,1027.2,1055,1024,0,1025.8,10.3,7.7,1305,1.9,10.21,,,,,,0,0,-3.6,-9,,,,,,,,,,,,,
108,1991-02-03,-.9,-5.2,559,3.6,1513,,,,,,,6.9,290,1508,5,290,1525,1.9,1648,-6.4,44,1408,68,3.8,1013,1026.3,0,1021,2400,1024,10.4,7.9,1200,1.33,8.22,,,,,,5,1.6,-2,-9.6,,,,,,,,,,,,,
108,1991-02-04,-.3,-4.3,2400,1.1,205,5.33,,,,,1.5,14,290,1044,8.3,290,1508,3.8,3262,-6.4,42,1830,68.5,4.1,1009.9,1024.8,2333,1018,530,1020.8,10.4,7.5,1200,2.05,11.58,1.8,610,1.8,610,1.8,4.3,2,-.9,-6.8,,,,,,,,,,,,,
108,1991-02-05,-2.9,-6.7,730,1.6,1540,,,,,,,7,270,1434,4.7,270,1352,2.2,1930,-11.2,39,1630,56.8,2.6,1013.8,1026.1,925,1024.1,1613,1025,10.4,8.4,1200,1.8,9.77,,,,,,0,0,-3,-8.9,,,,,,,,,,,,,
108,1991-02-06,.3,-4.8,507,4.4,1610,,,,,,,6,250,1924,4.3,200,1749,2,1757,-4,59,1250,73,4.7,1011.4,1024.8,0,1020.1,1552,1022.3,10.5,1.5,1107,1.37,5.23,,,,,,6.5,4.3,-1.6,-8.1,,,,,,,,,,,,,
108,1991-02-07,2.4,-1.1,2400,3.8,1810,11.2,,,,,4.3,8.9,290,2315,4.8,230,1810,1.4,1201,1.3,81,2358,92,6.7,1007.7,1020.7,0,1016.2,1826,1018.6,10.5,0,1217,.15,.4,,,,,,10,6.3,.3,-2.1,,,,,,,,,,,,,2.72
108,1991-02-08,-.6,-4,750,4.1,1548,,,,,,,6.8,290,40,3.7,290,1449,1.5,1306,-7.9,30,1520,60.5,3.4,1013.9,1026.8,1138,1020.7,0,1024.9,10.5,9.2,1230,2.19,13.71,,,,,,.8,.4,-.8,-7.3,,,,,,,,,,,,,
108,1991-02-09,2.8,-2.9,550,8.4,1522,,,,,,,5,50,1225,4,70,930,1.8,1591,-5.7,37,1630,55.5,4,1010.9,1025.9,0,1015.8,2400,1021.8,10.6,6.1,1143,1.92,10,,,,,,6,2.4,-.3,-9.2,,,,,,,,,,,,,
108,1991-02-10,4.3,1.7,320,8.5,1531,4.83,,,,,1.6,9,20,153,4.7,230,2152,1.7,1478,1.5,44,117,82.3,6.8,1004.2,1017.6,2400,1012.2,615,1014.9,10.6,.9,1330,1.2,5.72,,,,,,9.8,4.4,1.5,0,,,,,,,,,,,,,
108,1991-02-11,2.5,.5,2400,5.8,1650,2.25,,,,,.1,10.6,290,1420,6.7,270,1813,3,2600,-1.8,40,1750,75.5,5.6,1008.3,1022,2400,1017.3,55,1019.1,10.6,1.9,1215,1.01,5.22,,,,,,5.8,2.9,.7,-5.9,,,,,,,,,,,,,
108,1991-02-12,1.8,-2.5,547,7.1,1632,,,,,,,7.3,270,1450,4.3,270,1450,2,1748,-8.5,22,1547,49,3.3,1015.2,1028,1120,1022,0,1026.2,10.7,9.4,1230,2.14,13.5,,,,,,0,0,0,-7.9,,,,,,,,,,,,,
108,1991-02-13,3.6,-.4,804,10,1610,,,,,,,5.3,250,1610,3.8,290,1719,1.4,1236,-6.4,18,1600,48.3,3.8,1015.3,1028.2,1010,1024.5,1650,1026.2,10.7,7.5,1304,2.01,11.11,,,,,,5,0,.7,-6,,,,,,,,,,,,,
108,1991-02-14,4.9,-.6,520,12,1420,1.03,,,,,0,9,70,1125,4.3,70,2400,2.3,1991,-6.9,17,1348,46,3.7,1009.8,1024.8,0,1016.2,2250,1020.4,10.8,4.3,1215,1.88,8.96,,,,,,7.5,2.8,1.2,-8.6,,,,,,,,,,,,,
108,1991-02-15,2.9,1.2,2400,6,0,18.5,,,,,12.9,7.5,70,6,4.7,340,1559,1.9,1604,.9,61,0,87,6.6,1001.1,1016.4,0,1008.6,1413,1011.9,10.8,0,1200,.41,1.82,,,,,,8.5,4.8,1.6,-2.3,,,,,,,,,,,,,
108,1991-02-16,2.1,-1.3,550,7.6,1539,,,,,,,6.6,70,2023,4,70,2040,1.5,1281,-7,31,2400,52,3.7,1007.3,1022,2400,1015.3,0,1018.1,10.8,6.8,1135,2.22,11.82,,,,,,4.5,4,1.3,-6.1,,,,,,,,,,,,,
108,1991-02-17,.5,-3.3,738,4.9,1625,,,,,,,6.9,290,1906,5.5,290,1909,1.8,1522,-13.2,25,103,38.5,2.4,1014.4,1027.2,933,1022,0,1025.4,10.9,9.3,1210,1.62,10.65,,,,,,3,1,-.3,-8.5,,,,,,,,,,,,,
108,1991-02-18,.9,-1,2400,2.8,1121,.67,,,,,0,12.1,270,1603,7,270,1202,3.6,3128,-5.5,51,2054,62.3,4.1,1009.6,1024.4,240,1017.3,1933,1020.5,10.9,0,1137,.93,4.79,,,,,,8.3,4.4,0,-4.6,,,,,,,,,,,,,
108,1991-02-19,-4.5,-7.6,2400,-1,0,,,,,,,13.2,290,407,8,290,408,5.1,4432,-14.9,32,1630,46,2,1011.1,1024.6,2359,1019.5,19,1022.3,10.9,9.5,1230,2.15,13.95,,,,,,.5,0,-2.1,-8.5,,,,,,,,,,,,,
108,1991-02-20,-4.9,-9.2,730,-.8,1547,4.58,,,,,2.3,12.5,290,1556,7.8,290,1619,2.3,2019,-10,44,1103,69,3.1,1008.5,1024.6,210,1015,1551,1019.7,11,5.9,1000,1.56,6.88,2.9,1435,2.9,1435,3.1,1.8,1.8,-2.5,-9.5,,,,,,,,,,,,,
108,1991-02-21,-7.1,-10.1,953,-3.5,0,.92,,,,,.9,20.3,270,302,10.2,270,530,6.4,5497,-16.4,35,2230,48.8,1.9,1011.4,1027,2307,1016.7,39,1022.8,11,9,1130,2.57,15.44,1,55,3.8,55,1,3,2.6,-3.2,-11,,,,,,,,,,,,,
108,1991-02-22,-9.9,-12.4,2400,-8.4,1443,2.58,,,,,.1,15.2,290,1137,7.3,290,1143,4.5,3917,-18.7,31,1700,49,1.4,1014.7,1030.6,2304,1023.9,630,1026.2,11.1,8.6,1315,2.59,14.99,.2,520,1.2,520,.3,5.5,3.4,-4.8,-14,,,,,,,,,,,,,
108,1991-02-23,-11.1,-15,557,-6.8,1621,,,,,,,12,270,1515,7,270,1609,4.3,3722,-20.9,35,1008,43.8,1.2,1020.5,1034.6,2400,1030.2,29,1032.1,11.1,9.4,1145,2.4,14.59,,,.6,,,1.8,1.1,-5.1,-15.7,,,,,,,,,,,,,
108,1991-02-24,-8,-13,740,-2.8,1553,,,,,,,9.8,290,1404,6,290,1404,3.1,2639,-18.1,34,1630,44.8,1.5,1023.1,1035.6,2215,1033.4,1620,1034.6,11.1,10.2,1220,2.46,16.34,,,,,,0,0,-4.7,-15.2,,,,,,,,,,,,,
108,1991-02-25,-3.5,-9.3,720,2.4,1438,,,,,,,9.5,250,1525,6,270,1525,2.5,2152,-11.1,31,1530,57,2.7,1023,1036.4,950,1032.4,1702,1034.4,11.2,9.1,1200,2.47,15.78,,,,,,1.5,1.1,-2.5,-11.8,,,,,,,,,,,,,
108,1991-02-26,.5,-3.7,729,4.4,1509,,,,,,,8.1,250,1342,5,230,1350,2,1727,-4.1,58,1132,72.5,4.5,1019.6,1032.8,0,1028.4,2348,1030.7,11.2,3.6,1115,1.67,9.27,,,,,,3.5,2,-.4,-10.3,,,,,,,,,,,,,
108,1991-02-27,2.9,1.2,830,5.2,1206,10.92,,,,,2.5,5,70,747,3,70,1230,1.9,1602,-.4,59,1230,79.8,6,1012.2,1028.4,0,1016.6,2400,1023.1,11.3,0,1120,.69,2.71,,,,,,10,3.3,.8,-2.1,,,,,,,,,,,,,
108,1991-02-28,1.1,-3.2,2400,3.8,0,3.5,,,,,2.2,11.5,320,1936,7.3,320,1951,4.4,3785,-6.6,34,1458,62.8,4.2,1010.3,1024.7,2342,1016.3,140,1021.1,11.3,8.6,1130,2.12,11.19,,,,,,7.8,2,2,-5.8,,,,,,,,,,,,,
108,1991-03-01,-.9,-6,720,5.2,1554,,,,,,,8.9,290,46,7,290,50,2.5,2202,-11,23,1425,49.5,2.7,1014.3,1027.1,1055,1023.3,1518,1025.4,11.3,8.5,1100,2.06,12.91,,,,,,2.3,.5,.8,-10.5,,,,,,,,,,,,,
108,1991-03-02,1.6,-3.4,723,6.4,1353,,,,,,,9.1,270,1722,6,270,1732,2.4,2053,-4.2,40,1239,67.5,4.5,1015.3,1027.1,1010,1024.9,1644,1026.3,11.4,8.1,1200,2.12,12.52,,,,,,.5,1.6,1.1,-4.8,,,,,,,,,,,,,
108,1991-03-03,3.2,-1.2,735,8.4,1540,,,,,,,10.3,270,1649,7,270,1820,2.1,1820,-4.6,28,1315,62,4.5,1015.3,1028.4,940,1024.6,1532,1026.2,11.4,8.3,1200,2.35,14.33,,,,,,1,.5,2.5,-7.5,,,,,,,,,,,,,
108,1991-03-04,3.4,-2.3,710,10,1550,,,,,,,5,290,1752,3.7,290,1750,1.4,1229,-3.3,43,1542,62.3,4.9,1010.6,1025,0,1018.3,1630,1021.5,11.5,8.6,1200,1.66,10.03,,,,,,3.8,.9,2.6,-7.5,,,,,,,,,,,,,
108,1991-03-05,6,.3,726,13,1425,,,,,,,7.9,290,1554,5.3,290,1605,1.8,1520,.6,42,1547,71.3,6.4,1007.4,1020.8,840,1015.7,1426,1018.2,11.5,7.1,1200,1.74,10.18,,,,,,.8,1.6,2.5,-5.3,,,,,,,,,,,,,
108,1991-03-06,5.2,.5,936,11.1,1615,,,,,,,8.7,270,1527,6.7,290,1750,2.9,2546,2.1,57,1457,82.5,7.2,1008.8,1023.1,2340,1016.5,123,1019.5,11.5,6.2,1200,2.36,12.5,,,,,,3.8,2.8,3.8,-5.4,,,,,,,,,,,,,2.92
108,1991-03-07,5.8,2,2400,9,1243,1.58,,,,,0,13.5,70,1130,5.7,70,1131,3.5,3065,-1.1,48,1240,62.5,5.7,1012,1024.6,1025,1021.2,1710,1022.7,11.6,3.1,1000,1.37,7.17,,,,,,7.5,4.5,2.4,-1.7,,,,,,,,,,,,,
108,1991-03-08,1,-.1,2400,2,0,24,,,,,37.4,13.3,70,1247,6,70,1230,4.4,3787,0,82,1323,93,6.1,1005.3,1023.4,0,1010.9,1950,1016.2,11.6,0,1130,.34,1.46,12.8,2400,12.8,2400,12.8,10,4.9,.3,-.5,,,,,,,,,,,,,
108,1991-03-09,1.4,-.2,550,3.1,1426,8.42,,,,,1,7.3,270,1510,5.2,270,1511,1.9,1618,-.6,71,1305,87.5,5.9,1007.5,1022.7,2215,1013.1,10,1018.4,11.7,0,1100,1.27,6.48,.7,345,13.5,345,.7,9.5,6.6,1.3,-.5,,,,,,,,,,,,,
108,1991-03-10,2.4,.7,2250,4.1,1506,8.42,,,,,6.5,5,290,120,4.2,290,130,1.4,1196,-.9,65,950,79,5.7,1010.5,1024.1,954,1018.7,1902,1021.4,11.7,0,1230,.55,3.5,.5,2400,7,0,.5,9.3,4.9,1.5,-2.4,,,,,,,,,,,,,
108,1991-03-11,4.5,.9,9,7.6,1614,1.67,,,,,.5,7,50,625,4,70,740,2.1,1809,-.1,57,1545,72.5,6.1,1007.8,1021.7,2400,1017.3,533,1018.6,11.7,0,1420,.86,5.63,,,4.6,0,,7.8,5.3,2.8,-1.8,,,,,,,,,,,,,
108,1991-03-12,4,.4,543,8.6,1441,,,,,,,9.5,270,1336,5.3,270,1338,3.1,2679,-2.9,33,1332,62.5,5,1013.2,1026.4,2153,1021.4,120,1023.9,11.8,9.4,1130,2.47,17.33,,,2.7,0,,2.8,1.1,3.7,-1.9,,,,,,,,,,,,,
108,1991-03-13,2.8,-1,2400,7,1525,,,,,,,9.2,320,2150,6.3,320,2140,2.9,2468,-7.3,35,2030,48,3.6,1015.2,1028.4,950,1024.2,1630,1026.2,11.8,5.5,1200,2.39,12.86,,,,,,6,1.6,3.1,-7,,,,,,,,,,,,,
108,1991-03-14,.3,-3.8,710,4.5,1659,,,,,,,11.5,290,1235,7.2,290,1240,3.4,2898,-11.1,22,1250,43,2.7,1018.4,1031.2,1003,1027.1,0,1029.5,11.9,10.3,1200,2.86,18.79,,,,,,.3,.1,.5,-7.8,,,,,,,,,,,,,
108,1991-03-15,1.5,-2.5,601,5.9,1432,,,,,,,8,250,1606,5.7,230,1624,2.5,2138,-7,38,1430,52.5,3.6,1016,1030.8,142,1023,2400,1027,11.9,1.4,1000,1.28,7.89,,,,,,6,3.9,.5,-7.7,,,,,,,,,,,,,
108,1991-03-16,1.8,-.3,2359,5.8,1642,9.75,,,,,1.9,10.6,270,1336,7,270,1803,3.5,2981,-2.1,53,1730,77,5.3,1010.2,1024,2400,1018.9,1630,1021,11.9,2.3,1600,.96,3.92,1.2,912,1.2,912,1.5,7.5,3.5,.5,-5.5,,,,,,,,,,,,,
108,1991-03-17,2.8,-2.2,608,8.4,1530,,,,,,,10,270,1502,6,230,1509,2.7,2322,-6.7,27,1630,51.3,3.7,1013.4,1025.9,1120,1023,1537,1024.4,12,9.8,1200,2.66,17.74,,,,,,0,0,2.3,-7.6,,,,,,,,,,,,,
108,1991-03-18,5.3,-.9,630,11.4,1618,,,,,,,7.4,230,1842,4.8,250,1900,2.3,1944,-2.9,35,1223,56.5,5.1,1011.9,1025,0,1019.8,1813,1022.7,12,4.8,1100,1.85,10.21,,,,,,5.3,.6,3.5,-5.9,,,,,,,,,,,,,
108,1991-03-19,9.8,3.4,650,16.4,1503,,,,,,,9.1,250,1556,7.8,250,1606,2.3,1964,1.7,30,1333,60.5,6.9,1006.6,1021.1,0,1012.9,2325,1017.2,12.1,9.1,1200,2.35,14.66,,,,,,5,1.6,8.4,-2.5,,,,,,,,,,,,,
108,1991-03-20,11.1,6.9,2400,14.8,1612,6.83,,,,,.7,9,70,2308,6,270,529,2.8,2394,6.9,53,1910,76.3,10.1,1004.2,1020.4,2400,1012.1,630,1014.7,12.1,2.3,1400,1.95,6.04,,,,,,9.3,4.1,11.1,5,,,,,,,,,,,,,
108,1991-03-21,6.8,3.4,2400,10.7,1456,,,,,,,15.4,70,1008,6.3,70,1018,3.8,3290,-2.7,38,1340,51.3,5,1012.3,1025.2,1201,1020.4,0,1023,12.1,7.2,1100,1.65,11.56,,,,,,8,1.6,7.6,.6,,,,,,,,,,,,,
108,1991-03-22,7.2,2.2,605,13.9,1658,,,,,,,7.9,70,17,4.5,70,15,2.1,1850,-3,32,1502,48.8,4.9,1005.7,1022.4,0,1012.1,1735,1016.3,12.2,5.3,1400,1.82,10.92,,,,,,6.3,3.6,6.9,.4,,,,,,,,,,,,,
108,1991-03-23,8.2,2.8,650,14,1516,,,,,,,6,270,1511,5.5,270,1508,2.4,2046,.7,40,1258,60,6.4,1005.7,1017.9,2400,1014,100,1016.3,12.2,10.1,1200,2.41,15.46,,,,,,4.5,.9,8.7,-2.3,,,,,,,,,,,,,
108,1991-03-24,10.2,4,640,17,1600,,,,,,,7.2,320,1900,5.5,290,1700,1.8,1589,3,43,1543,62.3,7.6,1006.4,1019.4,1008,1014.9,1518,1017,12.3,8.9,1200,1.79,11.68,,,,,,4,2.5,7.8,-.8,,,,,,,,,,,,,
108,1991-03-25,12.7,9.3,710,18.9,1604,,,,,,,12.1,270,1747,6,270,1801,2.3,1978,4.1,38,1601,55.8,8.2,1007,1019.8,2400,1015.9,1601,1017.4,12.3,8,1200,2.32,13.56,,,,,,3.8,1.9,12.2,2.8,,,,,,,,,,,,,
108,1991-03-26,9.8,2,2400,15.8,1442,4.67,,,,,6.8,16.2,70,2005,8.7,70,1650,4.4,3788,.7,30,1330,55.3,6.5,1008.7,1021.8,824,1017,1745,1019.3,12.3,8.1,1200,2.58,15.91,,,,,,5,1.9,9.3,0,,,,,,,,,,,,,
108,1991-03-27,3.9,1.9,20,5.6,1813,13.67,,,,,9.6,14.2,70,50,7.5,70,121,3.7,3181,1,69,2050,81.8,6.6,1008.5,1024.4,2315,1015.8,520,1019.3,12.4,0,1300,1.07,3.55,,,,,,10,4.1,5.4,-.4,,,,,,,,,,,,,
108,1991-03-28,7,3.6,451,11.8,1634,,,,,,,8,270,1717,7.2,270,1738,2.1,1815,0,43,1420,61.3,6.1,1015.9,1029.7,2221,1024.2,0,1026.6,12.4,8.5,1300,2.32,14.16,,,,,,6.5,2,9.2,-1.1,,,,,,,,,,,,,
108,1991-03-29,7,3.2,410,11.1,1506,,,,,,,9,270,1715,6,270,1620,2.8,2400,1.6,53,2140,69.3,6.9,1017.1,1029.4,1013,1026.1,2130,1027.9,12.5,1.1,1000,1.31,8.43,,,,,,7.3,3,7.3,-1.3,,,,,,,,,,,,,
108,1991-03-30,5,.4,2400,9.9,1615,,,,,,,14.8,290,1632,8.8,290,1638,4.1,3572,-4.8,29,1617,52.8,4.5,1015.5,1028.2,2400,1024.4,1758,1026.3,12.5,9.6,1200,2.86,17.72,,,,,,5.8,.6,6.7,-3.6,,,,,,,,,,,,,
108,1991-03-31,1.1,-1.9,630,6.4,1355,2.55,,,,,1.1,20,270,1518,9.3,270,1850,3.8,3296,-7.7,26,1152,52,3.5,1017,1030.9,2308,1026.2,1456,1028,12.5,7.9,1200,2.92,17.99,1,1855,1,1855,.9,3.3,2.6,2.2,-6.2,,,,,,,,,,,,,
108,1991-04-01,2.3,-3.4,720,8.4,1558,,,,,,,10.7,270,1554,9,270,1920,3,2563,-7.4,26,1240,50,3.6,1020.4,1033.5,1020,1029.4,1630,1031.5,12.6,10.9,1200,2.93,19.57,,,.8,0,,0,0,4.4,-5.3,,,,,,,,,,,,,
108,1991-04-02,5.7,0,652,11.2,1340,,,,,,,10,290,1617,7.2,270,1840,2.8,2405,-1.5,31,1413,61.5,5.5,1020.9,1033.2,810,1030,1719,1031.8,12.6,10.6,1200,2.62,18.78,,,,,,1.8,1.1,6.5,-4.7,,,,,,,,,,,,,
108,1991-04-03,8,4.8,310,13.9,1354,,,,,,,9.6,290,1559,7,290,1602,2.7,2342,1.2,38,1424,63.8,6.7,1019.1,1032,905,1026.7,2400,1029.8,12.7,10.1,1200,2.46,17.54,,,,,,2,2,7.9,2.5,,,,,,,,,,,,,
108,1991-04-04,8.8,2.8,653,15,1501,,,,,,,8.2,270,1416,5.3,270,1519,2.4,2052,-1.1,22,1535,54.8,5.8,1013,1026.7,0,1020.9,1821,1023.5,12.7,10.7,1200,2.7,17.65,,,,,,1,0,9.8,-2.3,,,,,,,,,,,,,
108,1991-04-05,9.5,2.6,640,15.8,1530,,,,,,,8.5,250,1350,6,230,1450,2.6,2216,-1,25,1025,47.5,5.8,1009,1022.4,35,1017.1,1540,1019.6,12.7,10.1,1200,2.64,17.83,,,,,,1.5,2,10.3,-3.2,,,,,,,,,,,,,
108,1991-04-06,13.3,6.8,712,19.5,1411,,,,,,,5.9,270,1459,5.3,290,1740,1.7,1449,4.7,31,1337,57.3,8.5,1007,1019.1,40,1015.1,1800,1017.4,12.8,9.4,1200,2.27,13.97,,,,,,6.5,2.9,13.5,4.5,,,,,,,,,,,,,
108,1991-04-07,16.2,9.8,634,24.1,1609,,,,,,,8,70,957,4.3,70,950,2.5,2199,1.5,23,1557,40.5,6.9,1005,1017.3,730,1012.5,1710,1015.4,12.8,10.2,1200,2.68,18.92,,,,,,0,0,15.2,5,,,,,,,,,,,,,
108,1991-04-08,15.2,9.2,644,22.7,1510,,,,,,,9.6,270,1742,8,270,1742,2.5,2183,2.1,25,1425,41.8,7.1,1003.4,1015.2,1012,1011.5,1551,1013.7,12.9,10.5,1300,2.41,15.91,,,,,,2,0,15,4.8,,,,,,,,,,,,,
108,1991-04-09,16,9.1,623,23.6,1459,,,,,,,8,270,1725,6.7,270,1738,2.2,1913,5.2,33,1346,50,8.9,1003.7,1015.6,945,1011.6,1718,1014,12.9,10.5,1100,2.3,16.91,,,,,,.5,.5,15.6,3.5,,,,,,,,,,,,,
108,1991-04-10,17.2,12.3,450,22.4,1803,1.17,0,,0,,0,6.3,50,1143,3.3,70,1150,1.3,1154,6.7,30,1757,52,9.8,1000.1,1014.2,5,1007.2,1810,1010.2,12.9,.9,1400,.78,5.44,,,,,,7,3.3,14.3,7.7,,,,,,,,,,,,,
108,1991-04-11,19.2,11.7,620,25.6,1430,,,,,,,8.1,70,1225,4.3,70,1233,2.2,1896,7.2,34,2130,45.8,10.2,1000.4,1012.8,2400,1008.9,1530,1010.5,13,6.4,1100,2.75,14.85,,,,,,4.5,4.3,17.1,5.9,,,,,,,,,,,,,
108,1991-04-12,17.2,13.4,2130,23.1,1354,8.33,1,2300,3.9,2208,12.1,8.2,110,1135,6.2,110,1730,2.7,2336,7.8,39,1120,56.8,10.9,999.9,1012.9,41,1007.4,2318,1010.1,13,2.2,1100,1.86,8.73,,,,,,9,5.1,16,8.9,,,,,,,,,,,,,
108,1991-04-13,12.7,10,720,14.7,1730,7.58,.9,111,1.8,25,5.5,10,230,231,6.7,290,1801,3.5,3055,9.4,58,2227,79,11.9,997.9,1012.2,2144,1005.7,456,1008.3,13.1,1.2,1300,.9,5.52,,,,,,10,4.9,13.3,7.1,,,,,,,,,,,,,
108,1991-04-14,11.4,7.3,644,16.6,1519,,,,,,,12.2,250,1433,7.5,270,1819,3.1,2657,3.4,30,1758,59.5,7.9,1003.9,1016.8,2400,1012,0,1014.4,13.1,11.3,1300,2.95,20.84,,,,,,1.3,1.4,13.9,3.8,,,,,,,,,,,,,
108,1991-04-15,11.7,7.8,645,15.6,1648,.17,,,,,0,11.2,230,1025,7.5,230,1030,2.9,2505,4.5,42,908,60.5,8.6,1006.2,1019,2400,1015.3,1455,1016.6,13.1,4.6,1400,1.42,11.13,,,,,,6,2.4,12.5,2.2,,,,,,,,,,,,,
108,1991-04-16,13.2,5.6,608,21.9,1554,,,,,,,6.1,270,1650,5.3,270,1909,1.8,1551,2.5,22,1556,56,7.6,1008.5,1021.3,1010,1015.9,1810,1018.9,13.2,10.9,1300,2.59,19.09,,,,,,0,0,14.1,2,,,,,,,,,,,,,
108,1991-04-17,12.7,7.9,551,19.7,1358,10.75,.9,1643,3.9,2240,14.2,6.2,50,1601,4,50,1608,1.8,1582,5.9,29,1230,65,9.6,999.3,1017.6,0,999.7,2400,1009.7,13.2,1.7,900,.99,6.13,,,,,,7.5,4.8,11.7,2.9,,,,,,,,,,,,,
108,1991-04-18,12.6,10,2400,17.1,1710,8.83,2.4,437,5.5,410,13.4,14.1,70,1003,6,70,1010,2.7,2362,6.1,26,1930,68,9.6,998.5,1017.4,2255,999.3,210,1008.9,13.3,7.5,1400,2.58,16.07,,,,,,6,2.6,15,5.5,,,,,,,,,,,,,
108,1991-04-19,11.6,6.2,628,17.7,1421,,,,,,,10.6,250,1413,7,230,1321,2.6,2272,3.2,27,1232,60,7.8,1006,1018.2,652,1013.8,1620,1016.5,13.3,8.8,1100,2.71,18.4,,,,,,3.5,1,13.9,2.3,,,,,,,,,,,,,
108,1991-04-20,11.9,6.4,640,17.3,1457,,,,,,,11.4,270,1437,7,270,1540,3.1,2684,.3,24,1152,47.5,6.3,1005.6,1018.3,704,1013.4,1817,1016.1,13.3,11.2,1200,3.05,22.37,,,,,,0,0,14.1,1.4,,,,,,,,,,,,,
108,1991-04-21,11.8,5.9,610,18.8,1345,,,,,,,10.4,230,1752,8.3,230,1809,3.2,2802,4.5,39,1429,62.8,8.4,1006.8,1020.7,2400,1014.9,1620,1017.3,13.4,10.6,1200,2.81,21.09,,,,,,0,.1,13.3,4,,,,,,,,,,,,,
108,1991-04-22,14.3,7.8,654,20.1,1450,,,,,,,9,270,1430,5.5,230,1330,2.3,1962,3,26,1354,49.8,7.6,1012.3,1024.6,2400,1020.6,230,1022.7,13.4,11.4,1100,2.11,16.6,,,,,,2.3,.1,14.6,2.3,,,,,,,,,,,,,
108,1991-04-23,16.4,8.5,630,23.6,1630,,,,,,,6.8,290,1836,5,290,1850,1.8,1593,2.7,24,1453,41.8,7.4,1013.9,1026.1,925,1020.2,1830,1024.3,13.4,11,1200,2.42,17.91,,,,,,2.3,0,16.5,4.2,,,,,,,,,,,,,
108,1991-04-24,17.1,12.9,630,22.3,1430,.17,0,,0,,0,9,270,1552,6.3,270,1627,2.1,1785,8.2,46,1523,57,11,1010.4,1023.7,0,1018.4,2340,1020.7,13.5,8.3,1300,2.95,20.84,,,,,,3,2.5,17.6,7,,,,,,,,,,,,,
108,1991-04-25,14.8,9,2400,19.8,1331,1.5,0,,0,,0,13.8,230,1421,9.2,230,1430,3,2624,10.7,57,1330,76.3,12.9,1007.3,1020,2400,1015.8,1550,1017.7,13.5,4.5,1300,2.4,11.84,,,,,,6.8,5,16,7.8,,,,,,,,,,,,,
108,1991-04-26,12.4,5.9,558,18.9,1603,,,,,,,9,290,1605,6.7,270,1828,2.6,2229,-3.1,21,1252,35.3,4.9,1009.2,1022.2,1003,1017.9,1625,1019.6,13.5,11.3,1200,2.94,23.06,,,,,,1.8,0,16.4,1.5,,,,,,,,,,,,,
108,1991-04-27,14.1,6.7,538,21.4,1455,,,,,,,11,270,1559,7.3,270,1620,2.6,2250,3.2,24,1145,50.3,7.9,1006,1019.8,0,1013.5,1923,1016.5,13.6,11.1,1200,2.76,21.54,,,,,,1,0,17.2,1.9,,,,,,,,,,,,,
108,1991-04-28,14.8,9.6,545,21.5,1348,1.08,0,,.1,2255,.1,9.5,270,1517,7.3,270,1512,2.6,2219,8.6,44,1305,67.5,11.3,1000.3,1014.4,0,1008.1,1328,1010.6,13.6,7.9,1200,2.23,15.81,,,,,,6,2.3,16.5,6.1,,,,,,,,,,,,,
108,1991-04-29,15.3,11.1,720,20.4,1720,3.7,.3,502,1.2,500,1.7,11.1,270,1507,7,270,1518,3.3,2850,6.6,31,1650,59.8,10,997.6,1010.1,2400,1006.4,1558,1007.9,13.7,10,1300,2.71,18.4,,,,,,4.3,1.8,19.3,6.9,,,,,,,,,,,,,
108,1991-04-30,13,9,620,19.2,1350,.95,.6,2003,1.5,1923,1.5,22,230,1428,13.3,230,1920,5.4,4633,6.3,42,1303,69,9.5,996.6,1010.6,55,1001.1,1915,1006.9,13.7,7.7,1300,2.85,18.82,,,,,,5,3.1,16.3,4.9,,,,,,,,,,,,,
108,1991-05-01,11.1,8,545,14.9,1447,.33,0,,0,,0,20,270,1506,9.3,270,1859,5.3,4576,2.8,43,1354,56.5,7.5,993.1,1005.7,2350,1002.2,1610,1003.6,13.7,9.4,1200,2.5,16.35,,,,,,6.5,3.4,13.6,5.6,,,,,,,,,,,,,
108,1991-05-02,11.6,7.6,510,16,1539,,,,,,,13,270,1546,7,250,1530,4.2,3629,.5,33,1458,49,6.4,998.8,1015.4,2400,1005,133,1009.2,13.8,7.9,1500,1.95,13.76,,,,,,4.8,4.9,14,4.5,,,,,,,,,,,,,
108,1991-05-03,13.2,7.6,552,19.6,1505,,,,,,,12.4,250,1527,8.5,230,1645,3.2,2807,-.2,22,1510,41.5,6.1,1008.6,1022,2400,1015.4,0,1019,13.8,11.6,1200,3.2,24.29,,,,,,.5,.3,18,2.9,,,,,,,,,,,,,
108,1991-05-04,13.6,7.4,612,20.1,1540,,,,,,,10.1,230,1325,6.7,270,1721,2.9,2466,3,26,1431,51.3,7.7,1011.4,1023.4,2400,1019.5,1645,1021.8,13.8,11.3,1200,2.72,21.22,,,,,,0,.1,17.7,2.9,,,,,,,,,,,,,
108,1991-05-05,16.1,7.5,555,24.7,1650,,,,,,,9,290,1908,6.3,290,1800,1.7,1495,1.8,21,1650,41,7,1009.9,1023.5,915,1016.6,2323,1020.2,13.9,11,1200,2.27,13.97,,,,,,.8,0,20,2.5,,,,,,,,,,,,,
108,1991-05-06,14.1,11.7,1830,17.2,1201,8.02,.7,1222,3.2,1220,7.9,10,70,1958,5.7,70,2003,2.3,1990,4.8,28,1054,57.8,9,1005.3,1017.3,802,1013.8,1603,1015.7,13.9,0,1100,.51,3.5,,,,,,10,5.1,12.8,7.7,,,,,,,,,,,,,
108,1991-05-07,14.4,12.2,2320,19.5,1234,9.7,.5,1942,1.2,1910,2.6,8,270,1415,6.3,270,1424,2.4,2079,11.2,61,1224,81,13.4,1003,1014.3,906,1012,1410,1013.3,13.9,0,1200,.9,3.29,,,,,,10,6.3,14.2,11.5,,,,,,,,,,,,,
108,1991-05-08,14.2,11.2,520,18.1,1450,6.25,.3,237,.8,237,2.1,10.8,230,1718,7.3,230,1541,3.4,2896,9.2,47,1713,73.3,11.6,1002.9,1014.7,2230,1012,1505,1013.2,14,9,1300,2.6,16.79,,,,,,5,2.9,16.5,9.9,,,,,,,,,,,,,
108,1991-05-09,17,12.4,345,22.9,1608,,,,,,,11.9,230,1617,7,270,1700,3,2595,6.9,25,1630,55,10.1,1003.3,1016,2310,1012.2,1540,1013.6,14,10.6,1200,3.01,22.7,,,,,,1.8,1.3,19.5,8.8,,,,,,,,,,,,,
108,1991-05-10,18.1,13.9,630,23.4,1320,1.88,0,,0,,0,13.6,230,1907,9,270,1550,3.4,2920,9.1,45,1327,55.8,11.7,1005.1,1018.1,2340,1014.1,1612,1015.3,14,9,1100,2.84,19.25,,,,,,.8,.8,19.9,8,,,,,,,,,,,,,
108,1991-05-11,18,12,608,23,1430,,,,,,,10.1,270,1702,6.7,270,1701,2.8,2383,9.2,34,1703,58,11.7,1007.2,1019.3,730,1015.1,1720,1017.5,14.1,8.6,1000,2.15,15.62,,,,,,4,1.4,19.2,7.7,,,,,,,,,,,,,
108,1991-05-12,17,13,550,23,1328,,,,,,,13.4,270,1421,8.3,270,1642,3.2,2790,9.5,41,1306,62.8,11.9,1004.5,1017.3,405,1012.2,1505,1014.7,14.1,11.1,1200,2.88,21.42,,,,,,2.8,2,20.9,7.8,,,,,,,,,,,,,
108,1991-05-13,17.1,13.1,330,23.5,1609,,,,,,,6.1,290,1827,5.5,290,1830,2.3,2004,10.8,46,1427,67.5,12.9,1006.2,1018.2,930,1014.6,1755,1016.4,14.1,8.5,1100,2.76,17.71,,,,,,5,2.3,20.3,10.3,,,,,,,,,,,,,
108,1991-05-14,19.1,11.1,620,26.8,1604,,,,,,,7,270,1618,5.7,270,2030,2.2,1902,7.7,22,1200,53.5,10.7,1005.1,1017.7,52,1012.1,1810,1015.3,14.1,11.4,1100,2.86,21.49,,,,,,0,.4,23.4,6.7,,,,,,,,,,,,,
108,1991-05-15,18.3,12,2228,24.6,1340,1.93,0,,0,,0,13.3,250,2107,8.3,230,1658,3.3,2860,9.5,41,940,58.5,12.1,998.1,1014.1,0,1003.9,1932,1008.3,14.2,8.2,1200,2.69,17.28,,,,,,5.5,2.9,22.3,8.1,,,,,,,,,,,,,
108,1991-05-16,13.8,11.2,645,17.2,1040,2.42,0,,.1,1545,.1,10,200,1104,7,230,1118,3.6,3116,9.8,59,1040,76.3,12.1,994.5,1006.1,820,1003.1,1442,1004.8,14.2,4.5,1000,2.36,9.87,,,,,,5.8,3.8,16.7,9,,,,,,,,,,,,,
108,1991-05-17,16.4,11.1,550,22.2,1412,,,,,,,15.8,270,1644,10.2,270,1644,3.7,3161,6.9,29,1602,56.5,10.1,996.9,1008.6,2230,1005.8,210,1007.1,14.2,11.5,1200,3.13,24.97,,,,,,0,0,21.2,6.9,,,,,,,,,,,,,
108,1991-05-18,18.3,11.6,520,23.9,1505,,,,,,,12.8,230,1408,9,230,1512,3.8,3252,10.2,51,1630,59.5,12.7,998.2,1010,2400,1006.9,1800,1008.2,14.3,11.6,1200,2.85,22,,,,,,.8,.4,22.9,7.2,,,,,,,,,,,,,
108,1991-05-19,21,16.3,610,27.6,1558,,,,,,,7.4,270,1626,6,270,1639,1.9,1647,15.3,51,1553,70.8,17.4,1000.6,1013.8,2400,1009.2,1411,1010.7,14.3,5.1,1200,1.99,12.7,,,,,,6.8,2.3,23.1,13,,,,,,,,,,,,,
108,1991-05-20,23.6,17.3,510,30.2,1450,,,,,,,8,50,1006,4.7,290,2205,2,1758,9.2,21,1630,44,12,1003.4,1015.2,955,1010.9,1740,1013.4,14.3,11.5,1100,3.08,22.01,,,,,,3.3,0,26.1,11.5,,,,,,,,,,,,,
108,1991-05-21,23.1,16.3,630,29.6,1432,,,,,,,7,270,1614,5.3,270,1609,2.2,1864,11.1,28,1430,48.5,13.3,999.5,1012.7,0,1006.2,1830,1009.4,14.3,11,1200,2.81,21.78,,,,,,0,0,27.8,5.2,,,,,,,,,,,,,
108,1991-05-22,22.3,16,556,29.5,1616,,,,,,,9.3,270,1641,5.8,270,1650,2.3,2017,12.9,32,1301,56.5,14.9,996.3,1008.3,2348,1004.2,1551,1006.3,14.4,11.7,1100,2.71,22.05,,,,,,0,0,28,11,,,,,,,,,,,,,
108,1991-05-23,25.5,20.4,130,31.1,1552,,,,,,,10.3,50,753,5,50,839,2.8,2390,9.3,24,1630,37.3,11.8,998.9,1011.1,840,1006.7,1820,1008.8,14.4,10.7,1200,3.05,23.07,,,,,,2.8,.3,30.8,14.3,,,,,,,,,,,,,
108,1991-05-24,21,19.3,2330,23.6,1302,14.22,.4,1645,1.4,1602,4,7.6,70,147,3.7,50,1140,2.2,1915,14.8,40,0,69.3,17.1,997.1,1008.5,822,1005.3,1520,1007.1,14.4,0,1000,.93,5.12,,,,,,8.3,4.9,21.3,16.5,,,,,,,,,,,,,
108,1991-05-25,16.7,12.1,2040,20.1,1206,19.45,4.5,2158,10.1,2130,26.6,15.7,70,1910,8.5,70,1908,4.2,3615,15,70,1230,90,17.3,997.3,1009.2,930,1006.2,350,1007.5,14.4,0,1100,.82,3.34,,,,,,10,5.3,18.1,11.8,,,,,,,,,,,,,
108,1991-05-26,12.8,12,1910,13.4,1530,19.83,7.5,108,17,28,39.9,12.8,70,630,7,70,649,4.5,3915,11.5,72,2318,92,13.6,996.9,1012.7,2348,1005.1,340,1007.3,14.5,0,1400,.41,2.65,,,,,,10,5.4,14.7,12,,,,,,,,,,,,,
108,1991-05-27,16.9,12.8,346,21.8,1555,,,,,,,10.8,50,103,5.3,50,53,2.7,2344,7.7,44,1545,55.5,10.5,1004.6,1017.3,2258,1012.6,0,1014.9,14.5,1.1,1200,1.86,13.2,,,,,,8.8,4.1,19,11.7,,,,,,,,,,,,,
108,1991-05-28,19,14.6,610,24.1,1317,,,,,,,8.2,290,1720,7,290,1746,2.3,1975,6.4,29,1058,44,9.7,1006.3,1018.8,837,1014.4,1640,1016.5,14.5,9.1,1200,3.17,22.79,,,,,,6.3,4.8,22,12.8,,,,,,,,,,,,,
108,1991-05-29,19.4,13.5,550,25.2,1755,,,,,,,6.9,250,2059,5.3,250,2108,2.2,1914,9.8,31,1830,54.8,12.2,1006.2,1017.7,745,1014.8,1818,1016.4,14.5,12,1100,2.85,23.01,,,,,,3.3,.5,22.5,10.5,,,,,,,,,,,,,
108,1991-05-30,19.9,15,555,24.3,1051,,,,,,,5.8,290,1615,3.8,270,1700,1.7,1444,11.7,33,1230,60.3,13.9,1005.2,1017.5,810,1012.6,1820,1015.3,14.5,5.1,1000,2.29,13.32,,,,,,8,4.4,21.4,11.7,,,,,,,,,,,,,
108,1991-05-31,20.5,14.7,630,27.2,1605,,,,,,,8.1,270,1748,6.7,270,1749,2.4,2111,13.4,47,1537,64.8,15.4,1001.6,1013.5,826,1008.7,1735,1011.8,14.6,11.5,1200,2.47,19.49,,,,,,4.5,2.8,23.7,11.8,,,,,,,,,,,,,
108,1991-06-01,19.6,17.2,2300,24.1,1451,,,,,,,7.5,290,1340,5.7,270,1825,2.8,2401,12.5,49,1423,62.8,14.5,1000.1,1011.6,933,1008.6,1725,1010.2,14.6,6.5,1300,2.72,17.18,,,,,,8.3,5.5,23.3,15.6,,,,,,,,,,,,,
108,1991-06-02,21.4,15.2,543,27.9,1645,3.25,.8,320,2.6,300,2.7,5.1,250,2035,4,250,1840,1.2,1047,14.5,42,1522,66,16.5,996.8,1008.8,0,1004.8,1746,1006.9,14.6,2.8,1300,2.07,13.2,,,,,,7.5,2.9,23,13.1,,,,,,,,,,,,,
108,1991-06-03,20.4,17.1,2357,22.7,1530,3.55,.5,706,.6,706,.6,7.2,250,1541,4.7,270,1602,2,1762,16.1,66,1530,76.3,18.3,995.9,1008.7,2313,1004.6,1221,1006,14.6,0,1100,1.09,6.37,,,,,,8.3,4.6,21.7,15.9,,,,,,,,,,,,,
108,1991-06-04,20.1,16.3,256,25.7,1542,,,,,,,8.1,230,1654,5.7,270,1720,2.8,2386,15.3,60,1503,74.8,17.5,1000.1,1012.4,2155,1008.3,238,1010.2,14.6,7.1,1200,2.83,18.24,,,,,,6.5,4.8,23.6,9.4,,,,,,,,,,,,,
108,1991-06-05,20.8,16.3,530,26.1,1708,,,,,,,8.7,270,1210,5.5,270,1220,2.6,2269,15.6,52,1648,73.3,17.7,1001.1,1012.5,712,1009.5,1631,1011.3,14.6,9.3,1300,2.65,18.03,,,,,,5.3,3,25,12,,,,,,,,,,,,,
108,1991-06-06,22.3,16.2,550,29.2,1720,,,,,,,7.2,270,2006,6.3,270,1732,2.3,2007,12.4,27,1530,57.8,14.6,1000.1,1011.5,2330,1008.2,1735,1010.2,14.6,12.4,1300,2.78,21.39,,,,,,3,.3,26.2,14.8,,,,,,,,,,,,,
108,1991-06-07,23.8,16.7,530,30.4,1427,,,,,,,7.2,270,1848,5.2,290,1802,1.7,1460,12.1,37,1345,49,14.2,1002,1013.3,830,1010.6,1750,1012,14.7,11.6,1200,2.71,21.09,,,,,,2.3,.1,27.1,13.2,,,,,,,,,,,,,
108,1991-06-08,24.6,19.1,550,30.9,1430,,,,,,,9.1,250,1459,7,270,1800,2.2,1899,14.6,31,1340,55.8,16.7,1002.3,1013.9,720,1010.8,1520,1012.2,14.7,8.1,1300,2.54,18.24,,,,,,6.5,1.1,27.9,16.3,,,,,,,,,,,,,
108,1991-06-09,22.1,20.3,854,25,1752,7.53,.5,1220,1.6,830,7.3,5.7,50,910,3.2,50,1203,1.4,1198,19.1,67,230,83.5,22.2,999.6,1011.9,0,1006.5,1735,1009.7,14.7,.9,1700,.96,4.31,,,,,,8.8,5.4,22.7,19.1,,,,,,,,,,,,,
108,1991-06-10,22.3,18.5,648,25.8,1607,,,,,,,5.6,270,1132,4.3,270,1135,2.3,1993,19.4,69,1618,84.3,22.6,1000.9,1012.7,820,1008.9,1821,1010.9,14.7,1,1400,1.62,12.21,,,,,,7.5,4.4,24.5,18,,,,,,,,,,,,,4.5
108,1991-06-11,22.2,20.1,1750,24.9,1053,11.52,7.8,1048,8.9,1048,26.6,19.5,200,1137,10.7,230,1430,4,3460,20.7,83,1030,91,24.4,993.2,1009.1,0,999.7,2400,1003.1,14.7,0,1500,.56,2.68,,,,,,10,6.4,22.3,19.6,,,,,,,,,,,,,
108,1991-06-12,21.2,17.9,2400,24.5,1329,2.67,.9,112,1.7,40,2.4,13.4,180,301,9.3,230,401,5.3,4545,17.3,63,1357,79.3,20,991.5,1005.8,2247,998.4,300,1001.5,14.7,4.8,1300,2.24,14.6,,,,,,8.5,6.5,23.8,17.7,,,,,,,,,,,,,
108,1991-06-13,21,16.8,605,26.9,1625,,,,,,,9,270,1411,6.7,230,1830,3.1,2655,16.2,54,1542,74.8,18.4,996,1008,2400,1004,1830,1006,14.7,11.2,1100,3.09,23.81,,,,,,3.5,2.4,24.9,16,,,,,,,,,,,,,
108,1991-06-14,23.5,17,620,30,1510,,,,,,,8.2,270,1518,6,270,1505,1.9,1675,15.2,40,1408,61.5,17.3,996.8,1008.4,835,1005.2,1827,1006.8,14.7,11.1,1200,2.75,22.55,,,,,,2.5,.8,27.6,15,,,,,,,,,,,,,
108,1991-06-15,25.2,19.2,558,30.9,1544,,,,,,,4.9,50,1005,4.2,180,1800,1.6,1419,15.9,42,1535,57.3,18.1,993.3,1005.7,0,1000.8,1727,1003.1,14.7,6.6,1200,2.96,17.46,,,,,,6.3,2.8,25.7,16.8,,,,,,,,,,,,,
108,1991-06-16,24.4,20.8,2400,30.9,1352,,,,,,,6.9,270,1736,6,290,1952,2.2,1859,16.6,43,1203,62.3,19,994.2,1005.6,2120,1002.4,1605,1004,14.7,5.6,1100,1.9,14.81,,,,,,6.3,2,26,17.1,,,,,,,,,,,,,
108,1991-06-17,21.8,18.4,552,26.9,1715,,,,,,,6.5,270,1720,4.8,270,1729,2.4,2111,15.1,41,2321,66.8,17.2,994.4,1006.1,2250,1003.1,1720,1004.4,14.7,6.3,1400,2.26,15.66,,,,,,4.3,2.6,24.6,16.2,,,,,,,,,,,,,
108,1991-06-18,22.7,16.7,608,28.3,1420,,,,,,,7,290,1408,4.8,270,1623,1.3,1125,9.1,32,1630,42.3,11.7,995.2,1006.4,609,1003.7,1540,1005.1,14.8,10.4,1200,2.76,20.06,,,,,,4.8,0,25.4,14.2,,,,,,,,,,,,,
108,1991-06-19,22.6,16.9,540,28.9,1423,,,,,,,9,270,1640,6.2,290,1815,1.9,1647,10.1,25,1427,45.5,12.4,994.8,1005.5,2202,1003.3,1707,1004.8,14.8,8.4,1200,2.64,19.1,,,,,,6.3,2.6,26.3,14.4,,,,,,,,,,,,,
108,1991-06-20,21.4,18.5,552,25,1649,1.67,.6,1012,.7,940,.7,5.2,200,1750,4.5,230,1821,2.3,1979,16.3,58,1536,73,18.6,994.6,1006.5,2400,1003.2,1610,1004.6,14.8,3.7,1300,2.43,9.79,,,,,,6.3,4,24.5,15.9,,,,,,,,,,,,,
108,1991-06-21,21.7,16.3,602,28.3,1508,,,,,,,8.6,230,1525,5.7,270,1909,2.7,2349,15,32,1350,70.5,17.3,995.7,1006.9,725,1004.3,1628,1005.7,14.8,11.1,1300,3.02,23.43,,,,,,2.5,.9,27.7,14.8,,,,,,,,,,,,,
108,1991-06-22,22.6,18.5,401,28.6,1353,,,,,,,7.7,270,1720,6,270,1556,2.3,1961,17.8,49,1730,75.3,20.4,993.1,1005.8,0,1000.7,1730,1003,14.8,9.9,1300,2.63,20.59,,,,,,3.3,2.4,27.3,15.6,,,,,,,,,,,,,
108,1991-06-23,21.8,18.7,512,29.8,1307,.88,2.1,1457,7,1425,7,12.5,340,1431,6,340,1436,1.9,1648,18,48,1322,79.3,20.7,991.4,1003.2,2230,998.5,1751,1001.3,14.8,10,1100,2.59,17.8,,,,,,4.3,2.3,24.5,15.2,,,,,,,,,,,,,
108,1991-06-24,22.7,18.8,414,27.4,1332,1.25,0,,0,,0,6.6,290,1805,5.8,270,1830,2.1,1792,17.6,50,1720,73.5,20.2,995.8,1009.4,2400,1003,0,1005.8,14.8,6.4,1000,2.28,15.44,,,,,,3.5,3,25.6,16.6,,,,,,,,,,,,,
108,1991-06-25,24.8,20.6,630,29.1,1501,,,,,,,7.5,270,1850,5.8,270,1854,1.6,1393,17.5,49,1434,65,19.9,1000.4,1011.8,859,1009.1,1458,1010.3,14.8,5.6,1000,2.37,15.73,,,,,,6.5,3.8,27.3,18.3,,,,,,,,,,,,,
108,1991-06-26,23.1,21.2,851,26.3,1539,5.75,.1,550,.3,550,.3,6,270,1350,5,270,1408,2.5,2177,19.1,60,1534,78.5,22.1,1001.2,1012.4,1013,1009.6,1822,1011.2,14.8,2.1,1300,1.74,9.23,,,,,,8.8,4.1,25.4,20.3,,,,,,,,,,,,,
108,1991-06-27,23.8,20.9,550,27.9,1530,,,,,,,11,230,1658,7.8,230,1726,3.6,3118,19.1,56,1555,75.5,22.1,999.5,1011.4,31,1006.8,1725,1009.5,14.7,3.5,1200,2.73,14.5,,,,,,8,5.6,25.9,19.7,,,,,,,,,,,,,
108,1991-06-28,25.7,22.3,345,31.8,1530,.1,0,,0,,0,8.7,230,1914,6.3,230,1810,2.7,2356,20.7,53,1502,75,24.4,996.9,1009.1,720,1003.4,1752,1006.8,14.7,7.2,1200,2.7,15.3,,,,,,6.3,3.9,28.1,18.9,,,,,,,,,,,,,
108,1991-06-29,23.6,19.5,2357,25.8,257,8.08,7.2,917,13.9,915,34.2,10.1,200,947,6.2,230,1530,3,2610,21.7,79,230,89,25.9,992,1005,2400,1000,1210,1001.9,14.7,0,1000,.44,2.05,,,,,,10,5.9,24.5,18.1,,,,,,,,,,,,,
108,1991-06-30,23.7,18,559,29,1530,,,,,,,8.3,230,1820,5.2,230,1840,1.7,1511,19.6,57,1340,78.8,22.9,993.4,1005.9,829,1001.5,1818,1003.4,14.7,8.5,1100,3.12,19.25,,,,,,7.8,5,27.4,15.5,,,,,,,,,,,,,
108,1991-07-01,22.9,20.5,2400,24.6,0,5.47,6.5,1010,14,1010,17.7,6.2,200,220,4.3,200,225,1.8,1566,21.1,81,437,90,25,992.2,1004.8,2240,1000.9,558,1002.1,14.7,0,1700,.45,2.77,,,,,,8,5.5,23.3,19.5,,,,,,,,,,,,,1.67
108,1991-07-02,24,18.7,548,29.5,1550,,,,,,,5.2,160,1350,3.8,290,2027,1.6,1422,19.9,56,1520,78.8,23.3,994.7,1006.7,2235,1002.7,1513,1004.6,14.7,8.7,1200,2.7,18.13,,,,,,4.8,2.1,27.5,16.1,,,,,,,,,,,,,
108,1991-07-03,25.2,21,543,30.8,1619,,,,,,,6.9,270,1816,5.3,270,1830,1.9,1618,20,45,1801,74,23.4,996.4,1008.8,808,1004.1,1806,1006.3,14.7,8.5,1300,2.41,17.28,,,,,,5.5,2.6,24.5,19.6,,,,,,,,,,,,,
108,1991-07-04,26.2,23,642,31.2,1501,2.52,1.5,2126,1.7,2126,1.7,8.6,200,2050,5.7,200,2058,1.8,1590,20.4,52,1145,72.8,24,991.7,1005,0,998.2,1805,1001.4,14.7,7.1,1200,2.68,18.92,,,,,,7,3.9,30,21.3,,,,,,,,,,,,,
108,1991-07-05,25.7,22.5,630,29.9,1530,,,,,,,7.5,270,1425,5.5,270,1650,2.4,2076,19.8,50,1528,71,23.1,993.4,1006.2,2303,1001.4,226,1003.2,14.7,11.6,1200,3.3,24.21,,,,,,3.8,2.3,29,20.5,,,,,,,,,,,,,
108,1991-07-06,24.9,21.4,553,29.6,1556,,,,,,,6,270,1413,4.7,270,1428,1.9,1604,20.2,53,1309,75.5,23.6,996.7,1007.8,948,1004.1,1738,1006.6,14.7,6.6,1200,2.71,21.09,,,,,,5,3.6,27.7,19.7,,,,,,,,,,,,,
108,1991-07-07,22,18.8,1550,25.6,0,14.23,3.3,1242,13.2,1152,44,13.3,50,1532,7,50,1535,2.3,1955,19.2,68,2250,84.8,22.5,989.7,1004.7,0,992,1536,999.6,14.7,.4,1500,.54,2.85,,,,,,8.8,4.8,21.9,17,,,,,,,,,,,,,
108,1991-07-08,21.8,18,510,25.7,1730,,,,,,,4.9,320,2017,3.3,320,2029,1.1,973,18.2,66,1258,80.8,20.9,996.4,1008.1,806,1002.9,0,1006.4,14.6,1.2,1200,1.45,9.43,,,,,,8,3.3,23.9,16.5,,,,,,,,,,,,,
108,1991-07-09,22.1,19.4,605,24.5,1548,2.5,.1,2200,.2,2143,.2,4.8,250,2158,3.3,250,2204,1.1,992,19.3,70,1545,84,22.4,996,1006.9,810,1004.7,310,1005.9,14.6,.9,1500,.58,4.63,,,,,,8.5,3.6,23.5,16.5,,,,,,,,,,,,,
108,1991-07-10,23.3,20.3,546,27.6,1501,,,,,,,7.2,270,1542,6,270,1608,2.4,2088,19.6,62,1718,79.8,22.8,996.2,1008.5,2326,1004.7,536,1006.1,14.6,8.2,1400,2.32,15.72,,,,,,5.3,1.9,26.4,18.7,,,,,,,,,,,,,
108,1991-07-11,22.6,20.1,258,25.2,1447,,,,,,,4,230,1550,3.3,230,1600,1.1,992,19.1,67,1451,80.3,22.2,998.3,1009.8,1020,1005.3,2353,1008.3,14.6,0,1200,.79,5.35,,,,,,7,2.5,23.6,17.9,,,,,,,,,,,,,
108,1991-07-12,24,19.2,530,29.4,1515,.62,0,,0,,0,8,270,1923,6,270,1933,1.4,1225,18.3,49,1530,72.3,21.1,995.7,1008.8,2240,1004,430,1005.6,14.6,7.2,1300,2.4,14.72,,,,,,3.8,1.1,27.4,16.3,,,,,,,,,,,,,
108,1991-07-13,24.5,20.4,554,29.1,1457,.12,0,,0,,0,9.1,290,1755,6.5,290,1808,2.3,1981,19.3,60,1640,73,22.4,1000.1,1011.6,2230,1008.2,0,1010.1,14.6,7.7,1400,1.89,14.75,,,,,,5,4.4,27.7,17.9,,,,,,,,,,,,,
108,1991-07-14,25.2,21.8,353,29.1,1501,,,,,,,5.8,230,1312,4.8,230,1340,2.1,1799,20.3,60,1132,74.3,23.8,1000.7,1012.3,805,1008,1828,1010.6,14.5,3.4,1400,2.35,12.22,,,,,,8.3,3.9,28.5,21.5,,,,,,,,,,,,,
108,1991-07-15,23.1,21.6,2150,24.5,2,17.17,4.2,1210,12.9,1157,42.2,5,230,125,3.7,230,130,1.2,1070,22.1,83,0,94.3,26.6,997,1009.5,10,1004.1,2010,1007,14.5,0,1400,.31,1.7,,,,,,10,5,23.9,21.4,,,,,,,,,,,,,
108,1991-07-16,23.4,21.5,250,26.7,1430,4.38,4.5,2140,10.8,2100,12.7,7.7,230,1720,5.7,250,2130,2.9,2467,21.2,71,1350,88.8,25.2,996,1007.5,2150,1004.4,235,1006,14.5,0,1300,1.34,7.82,,,,,,10,4.9,24.6,21.3,,,,,,,,,,,,,.33
108,1991-07-17,24.5,21.7,230,28.6,1652,6.67,.4,102,.9,37,1.7,4.8,230,1812,3.7,250,1820,1.5,1317,22.6,72,1643,89.8,27.4,996.9,1008.3,2308,1005.7,1745,1006.8,14.5,5.9,1600,1.87,10.65,,,,,,7.5,4.8,27.3,21.5,,,,,,,,,,,,,.25
108,1991-07-18,25.7,22.6,530,30.3,1336,2.75,.5,2005,.5,2005,1,6,140,1631,4,140,1638,1.8,1593,22.1,63,1340,81,26.6,998.8,1011,2220,1007.2,253,1008.7,14.5,5.6,1300,2.57,13.96,,,,,,7.8,5.6,30.3,20.5,,,,,,,,,,,,,
108,1991-07-19,24.3,22.5,545,27.4,1243,12.33,18.5,2110,34.6,2035,66.7,15.5,200,1410,10.3,200,1417,4.2,3624,23.1,80,1310,92.8,28.3,999,1010.8,10,1007.2,1730,1009,14.4,0,1200,.76,2.99,,,,,,10,4.9,24.9,22.4,,,,,,,,,,,,,
108,1991-07-20,24.6,20.9,1330,25.9,2030,15.77,11,1148,25,1148,49,15.4,290,625,8.3,290,630,2.5,2162,23.1,79,1520,91.8,28.3,999.8,1013.9,1233,1008.8,540,1009.8,14.4,.8,1300,1.87,5.18,,,,,,10,5.4,26,20.5,,,,,,,,,,,,,
108,1991-07-21,24.5,22.9,1152,25.9,11,16.63,6.8,1450,14.5,1430,39.8,9,230,316,5,230,348,2.2,1884,24,91,1430,97,29.8,998.2,1010.5,0,1006.2,2400,1008.1,14.4,.4,1300,1.49,2.52,,,,,,10,5.5,25.1,22.8,,,,,,,,,,,,,
108,1991-07-22,25.9,23.5,2,27.3,1806,6.87,2.7,1500,2.7,1453,3.3,13.4,200,1441,10,200,1042,5.4,4704,24.3,85,1730,91.3,30.4,993.6,1006.2,0,1001,1753,1003.4,14.4,.5,900,.75,5.53,,,,,,9,5.4,25.5,23.4,,,,,,,,,,,,,
108,1991-07-23,25,22.9,549,27.9,1424,4,4.7,210,14,210,30.7,16,200,103,9.3,200,140,4.9,4268,22.4,77,1423,85.8,27.1,994.5,1007.2,2325,1001.3,205,1004.3,14.3,2.1,1400,1.94,6.53,,,,,,10,5.6,25.8,22.6,,,,,,,,,,,,,
108,1991-07-24,24.3,22.8,2355,25.7,1201,10.67,4.6,824,7.1,822,17.7,11,230,742,8.3,230,743,4,3472,23.4,85,1632,94.8,28.8,996.8,1007.9,1116,1005.5,1728,1006.7,14.3,0,1000,.51,3.62,,,,,,10,4.8,24.5,22.7,,,,,,,,,,,,,
108,1991-07-25,22,21,822,24.4,1820,21.58,12.5,1717,41.5,1656,140.2,18.2,230,1832,11.7,230,1823,2.5,2165,21.6,96,30,97.3,25.8,989.9,1006.9,0,992.1,1828,999.9,14.3,0,1000,.12,.79,,,,,,9.5,5.5,22.6,20,,,,,,,,,,,,,
108,1991-07-26,23.6,19.7,430,27,1554,,,,,,,8.5,270,1412,5.5,270,1422,2.8,2421,21.1,70,1710,86.3,25,991.8,1004,2238,998,0,1001.7,14.3,6.7,1100,1.75,14.13,,,,,,6,4.5,25.9,17.8,,,,,,,,,,,,,
108,1991-07-27,25.2,22,554,29.5,1432,,,,,,,5.6,270,1444,4.5,270,1520,1.6,1405,21.6,65,1422,83.8,25.9,994.1,1005.5,2329,1002.9,1825,1003.9,14.2,6.1,1200,2.01,14.24,,,,,,5,2.9,26.8,20.9,,,,,,,,,,,,,
108,1991-07-28,27.1,22.3,548,32,1250,1.12,2,1530,5.9,1522,5.9,7.2,50,2203,5.5,50,2309,1.9,1642,22.8,61,1153,78.8,27.8,994.5,1005.7,705,1002.1,2400,1004.2,14.2,7.1,1000,2.42,14.15,,,,,,3.8,3.1,28.4,21.2,,,,,,,,,,,,,
108,1991-07-29,27,25,601,30.3,1023,2.4,.5,1255,1.2,1240,1.3,9.1,50,917,5.3,50,920,2.8,2449,22.3,65,952,75.8,26.9,986.1,1002.1,0,991.5,1751,995.8,14.2,2.9,900,2.08,11.2,,,,,,6.3,2.9,27.2,22.7,,,,,,,,,,,,,
108,1991-07-30,24.7,22.9,306,27.7,1438,3.53,4.1,640,9.7,620,11.5,9,230,1310,7.3,230,1342,2.6,2216,22.2,69,1545,85,26.9,987.7,1002.9,2400,994,0,997.5,14.2,6.9,1300,2.11,10.63,,,,,,7.3,4.4,25.8,21.1,,,,,,,,,,,,,
108,1991-07-31,25.3,21.8,351,29.5,1334,3,.2,1645,.3,1750,.5,5.1,200,1445,3.2,180,1630,1.2,997,22.4,67,1328,85.3,27.2,994,1006.7,2330,1002.8,247,1004,14.1,1.2,1300,1.48,7.97,,,,,,7.3,3.8,24.7,20.1,,,,,,,,,,,,,
108,1991-08-01,27,24,2400,30.3,1558,1.92,.2,2313,.4,2250,.4,5,230,145,3.5,230,139,1.9,1669,22.3,47,1422,77,27.1,997.6,1009,2153,1005.1,342,1007.4,14.1,2.8,1200,2.33,12.81,,,,,,9.3,4.1,28.6,23.9,,,,,,,,,,,,,
108,1991-08-02,22.3,20.1,550,24.4,3,9.95,4.8,450,19.2,400,43.7,7.2,50,355,4.2,50,402,1.8,1590,20.6,82,1652,89.8,24.2,996.9,1009.3,2400,1004.3,510,1006.9,14.1,0,1200,1.03,4.93,,,,,,8,4.5,23.8,19.8,,,,,,,,,,,,,
108,1991-08-03,24.4,21.1,625,28.3,1457,1.35,0,,0,,0,6.2,290,1940,6,290,1801,1.7,1478,20.8,65,1512,81.3,24.6,999.4,1010.5,832,1007.5,2251,1009.3,14.1,6.2,1000,2.12,13.6,,,,,,8.8,5.1,28.5,20.5,,,,,,,,,,,,,
108,1991-08-04,23.6,21.7,2355,25.9,1350,12.03,.2,1534,.3,222,1.1,5.2,70,1232,2.7,70,1310,1.3,1096,20.3,63,1327,81.8,23.8,997.7,1009.1,253,1006.6,1730,1007.6,14,.1,1100,1.21,6.62,,,,,,9.3,3.9,24.8,20.6,,,,,,,,,,,,,
108,1991-08-05,24,19.8,520,30,1503,2.23,0,,0,,0,5.2,20,1702,3.3,20,1408,1.2,1012,18.8,50,1502,74,21.7,997.1,1008.7,2253,1005.5,1509,1007.1,14,6.8,1300,2.92,15.75,,,,,,4.5,3.9,28.1,18.3,,,,,,,,,,,,,
108,1991-08-06,23.7,19.8,546,28.2,1504,2.95,3.1,1559,5.7,1520,7.9,5.8,50,1513,4,320,1509,1.2,1056,18.8,56,1443,74.8,21.7,997.4,1009,1005,1005.8,2016,1007.3,13.9,5.9,1000,2.54,13.24,,,,,,4.5,3.8,28.3,19.1,,,,,,,,,,,,,
108,1991-08-07,23.4,19.7,550,28.7,1723,.38,0,,0,,0,7.3,270,1559,5.7,270,1920,1.9,1653,20.6,59,1705,84.3,24.2,997.3,1008.5,940,1005.2,1810,1007.3,13.9,8.5,1000,2.25,14.45,,,,,,4.3,5,27.3,19.2,,,,,,,,,,,,,
108,1991-08-08,25.7,20.6,558,30.8,1546,,,,,,,5.4,70,2351,3.3,70,2358,1.4,1177,19.1,43,1550,69.3,22.1,995.6,1006.9,1025,1003.3,1807,1005.5,13.9,10,1100,2.66,18.95,,,,,,4.8,2.3,29.3,19.8,,,,,,,,,,,,,
108,1991-08-09,23.2,20.9,650,25.4,1322,1.98,0,,0,,0,10.8,50,2015,6,50,2004,2.7,2313,17.6,65,0,70.5,20.1,995.6,1006.9,723,1004.5,1828,1005.6,13.9,0,900,.9,6.24,,,,,,6,4.5,23.9,18.3,,,,,,,,,,,,,
108,1991-08-10,25.1,21.7,358,29.5,1313,,,,,,,8.2,70,948,4,70,920,2.7,2313,18.2,55,1320,65.5,21,994.7,1006.4,2400,1003.5,1643,1004.6,13.8,5.2,1200,3.05,15.85,,,,,,7.5,6,27.6,19.8,,,,,,,,,,,,,
108,1991-08-11,25.8,21.1,550,30.9,1404,,,,,,,6,70,947,3.7,70,16,1.8,1562,18.3,52,1431,63.3,21.1,996.7,1008,2400,1005.3,1732,1006.6,13.8,9.5,1200,2.73,17.87,,,,,,3.8,2.1,26.5,18.8,,,,,,,,,,,,,
108,1991-08-12,26.3,21.6,559,31.5,1516,,,,,,,5.7,290,1433,5,270,1924,2,1694,20,51,1512,69.3,23.5,998.9,1010.1,2400,1007.5,1758,1008.8,13.8,11,1300,2.8,17.94,,,,,,4,1.4,29.7,20.1,,,,,,,,,,,,,
108,1991-08-13,27.1,22.5,559,31.8,1212,,,,,,,7,270,1640,5.7,270,1601,1.5,1339,22.8,51,1230,78,27.7,1001.6,1012.7,1029,1009.7,18,1011.4,13.7,9.4,1100,2.61,15.46,,,,,,4.3,.4,30.6,20.9,,,,,,,,,,,,,
108,1991-08-14,28.1,24.3,620,33.2,1501,,,,,,,7.4,270,1804,6,270,1810,2,1714,23,57,1450,75,28.2,1003.3,1015.1,828,1011.1,1750,1013.1,13.7,8.2,1100,2.58,16.29,,,,,,4,2.9,31,22.9,,,,,,,,,,,,,
108,1991-08-15,28.6,24.6,553,34.2,1440,.42,0,,0,,0,5.5,230,1806,4.3,230,1811,1.6,1369,23,48,1444,72.5,28.1,1001.9,1013.1,730,1009.8,1735,1011.7,13.6,9.1,1200,2.78,18.33,,,,,,2.8,.9,34.5,22.8,,,,,,,,,,,,,
108,1991-08-16,27.6,24.3,658,31.4,1457,,,,,,,5.2,290,1804,5,290,1802,1.7,1493,22.9,63,1628,76.3,27.9,1000.8,1012.2,822,1008.6,1735,1010.7,13.6,3.5,1200,1.92,11.82,,,,,,4.5,2.8,30.5,23.1,,,,,,,,,,,,,
108,1991-08-17,27.3,24.8,630,31.5,1530,,,,,,,6,270,1557,4.3,270,1747,.8,708,23.6,64,1522,80.8,29.1,999.7,1011.2,955,1008.1,1810,1009.4,13.6,1.1,1400,1.34,7.48,,,,,,2.8,3,29.4,22.6,,,,,,,,,,,,,
108,1991-08-18,27.3,25,651,31.6,1722,.27,0,,0,,0,5.8,270,2019,4.7,270,2029,1.3,1126,22.7,60,1611,76.8,27.6,999.2,1010.3,742,1007.4,1740,1009,13.5,6.8,1300,1.91,12.3,,,,,,5.8,4.5,31.2,22.7,,,,,,,,,,,,,
108,1991-08-19,27,23.2,551,31.5,1322,.43,0,,0,,0,7,250,1428,5.2,250,1436,1.2,1065,22.9,52,1303,78.5,27.9,997.8,1009.3,632,1005.8,1708,1007.6,13.5,5,1200,2.13,9.72,,,,,,2.3,1.9,28.6,21.5,,,,,,,,,,,,,
108,1991-08-20,29.1,23,620,34.7,1500,,,,,,,6,70,2352,3.3,70,2200,1.2,1014,21.7,44,1438,66.3,25.9,995.1,1006.8,758,1001.6,1810,1004.8,13.5,10.1,1100,2.52,16.96,,,,,,1.5,1.5,33.4,21,,,,,,,,,,,,,
108,1991-08-21,27.9,24,653,33.2,1510,,,,,,,9.8,50,1730,5.7,50,1824,2.7,2359,19,43,1503,59.5,22,993.3,1004.2,742,1001.1,1702,1003.1,13.4,11.4,1200,2.79,20.93,,,,,,0,0,34.1,21.6,,,,,,,,,,,,,
108,1991-08-22,25.8,23,424,29.3,1202,2.28,0,,0,,0,10.1,50,1402,6.2,50,1310,2.8,2395,18.5,57,1210,63.8,21.3,992.3,1003.5,0,1000.8,1807,1002.1,13.4,3,1100,1.18,6.13,,,,,,6.5,3.6,26.4,19.9,,,,,,,,,,,,,
108,1991-08-23,22.5,20.4,708,24.4,1453,24,.5,40,2,0,14.3,15.9,50,1844,7,50,2219,3.5,3065,18.3,68,1432,77,21,988.8,1002,0,996.5,1548,998.7,13.4,0,1400,.46,3.06,,,,,,10,3.8,22.4,20.1,,,,,,,,,,,,,
108,1991-08-24,25.2,21.4,20,29.9,1547,6.5,.2,133,.4,0,.8,13,50,538,7.3,50,140,4.7,4077,17.9,54,1335,64.8,20.5,992.5,1006.6,2400,999.5,0,1002.4,13.3,5,1300,2.88,15.23,,,,,,8.3,4.3,25.1,20,,,,,,,,,,,,,
108,1991-08-25,26.3,23.1,553,30.1,1351,,,,,,,6.7,270,1425,5.3,270,1520,2.4,2044,20.5,58,1213,70.8,24.3,998.9,1011.4,2350,1006.6,0,1008.7,13.3,6.7,1200,2.75,15.15,,,,,,5.3,4.9,28.5,20.8,,,,,,,,,,,,,
108,1991-08-26,25.7,19.7,2400,30,1502,,,,,,,10.6,70,1007,5,70,1000,2.8,2401,15.8,43,2250,56.5,18.5,1004.1,1017.5,2400,1011.1,53,1014,13.3,10.7,1300,2.79,19.82,,,,,,3,2.1,29.5,15.6,,,,,,,,,,,,,
108,1991-08-27,23,16.3,636,29.1,1550,,,,,,,10,70,925,4.5,70,1020,2.5,2149,9.9,36,1630,43.8,12.3,1006.4,1018.5,808,1014,1755,1016.5,13.2,11.4,1200,3,22.32,,,,,,0,0,27.9,11.5,,,,,,,,,,,,,
108,1991-08-28,23.2,15.7,603,29.7,1446,,,,,,,5.2,70,933,3.3,70,851,1.8,1515,10.9,27,1630,47.3,13.1,1002.1,1015.5,10,1008.3,1810,1012.1,13.2,11.4,1200,2.92,21.8,,,,,,0,0,28.4,13.1,,,,,,,,,,,,,
108,1991-08-29,25.1,18.2,709,31.8,1401,,,,,,,7.3,320,2027,5.5,320,2050,2,1702,15.8,34,1354,58,18,995.1,1009.4,0,1001.8,1751,1005,13.1,10.1,1100,2.73,17.44,,,,,,4,2.9,28.3,15.5,,,,,,,,,,,,,
108,1991-08-30,24.4,21.1,610,29.1,1351,.88,0,,0,,0,7.3,270,2033,5.7,270,2035,2.4,2055,18.5,49,1536,71,21.3,993.7,1004.7,2400,1002.3,1657,1003.5,13.1,9,1100,2.61,17.53,,,,,,4,2.6,30.3,18,,,,,,,,,,,,,
108,1991-08-31,24.3,21.8,745,29.2,1433,.6,0,,0,,0,7.9,270,1737,5,270,1440,2.9,2545,19.4,55,1458,75,22.5,997.9,1011.8,2400,1004.7,0,1007.8,13.1,5.8,1200,2.69,12.21,,,,,,6.8,4.5,28.7,20.1,,,,,,,,,,,,,
108,1991-09-01,25.5,21.6,551,30.5,1554,,,,,,,6.2,290,1555,5.3,270,1840,1.8,1548,20.2,51,1602,73.8,23.7,1003,1014.6,1001,1011.6,204,1013,13,9.3,1300,2.28,15.1,,,,,,4.3,3.3,31.5,19,,,,,,,,,,,,,
108,1991-09-02,25.7,21,640,30.2,1218,,,,,,,6.3,250,1652,4.3,230,1531,1.6,1410,19.3,54,1220,69,22.4,1001.4,1013.6,17,1009.6,1748,1011.3,13,5.5,1200,2.12,12.56,,,,,,6,1.9,28,18.8,,,,,,,,,,,,,
108,1991-09-03,22.6,21.1,2050,25.1,0,12.18,.7,817,1.6,812,5.4,3.5,290,120,3.2,290,129,.9,773,19.4,66,1527,82.3,22.5,1001.2,1013,2325,1010,518,1011.2,12.9,0,1200,.44,2.5,,,,,,9.8,3.6,24,20.7,,,,,,,,,,,,,
108,1991-09-04,21,19.5,910,23.4,1308,15.58,4.5,833,14.2,750,51.8,6.9,50,1702,4.3,50,1210,2.2,1884,19.2,79,1313,89.5,22.3,1002.4,1014.2,933,1010.8,1842,1012.4,12.9,.5,1100,1.15,4.37,,,,,,9.5,4.6,21.8,19.4,,,,,,,,,,,,,
108,1991-09-05,22,21.3,2215,23.2,610,18.75,6.5,150,17.9,118,38.7,11.6,200,639,7.7,200,642,2.4,2043,20.9,84,1915,93.8,24.7,1000.3,1011.1,0,1008.3,436,1010.3,12.9,0,1000,.18,1.15,,,,,,9.8,4.5,22.5,21,,,,,,,,,,,,,
108,1991-09-06,21.7,19.5,423,25.9,1558,4.25,5.9,150,25.5,136,32.2,4.9,290,113,4,290,146,1.3,1121,18.8,57,1643,84.3,21.7,1000.7,1011.8,2102,1009.2,1652,1010.8,12.8,2.6,1500,1.65,8.93,,,,,,8.5,4.4,23,18.4,,,,,,,,,,,,,
108,1991-09-07,23.5,18.7,632,29.6,1537,,,,,,,4,50,1632,2.5,70,930,1.1,960,17.1,39,1551,69.8,19.6,999.7,1011.4,658,1007.2,1640,1009.6,12.8,10.1,1300,2.52,16.43,,,,,,2,1.5,26.9,16.9,,,,,,,,,,,,,
108,1991-09-08,24.8,18.9,652,31,1605,,,,,,,5,290,1637,3.5,290,1640,1.5,1323,17.4,42,1600,65,19.9,999.4,1011,1006,1008.1,1610,1009.3,12.8,10.6,1200,2.66,17.55,,,,,,2.5,.5,26.9,17.2,,,,,,,,,,,,,
108,1991-09-09,24.9,19.2,621,29.8,1612,,,,,,,4.2,290,1738,4,290,1748,1.4,1191,18.7,48,1501,69.8,21.5,1001.1,1012.9,2315,1009.9,302,1011,12.7,7.9,1100,2.42,13.87,,,,,,2.8,.8,25.6,17.2,,,,,,,,,,,,,
108,1991-09-10,23.9,20.5,615,28,1327,.33,0,,0,,0,5,270,1500,3.8,270,1459,1.7,1469,19.1,56,1318,75,22.1,1003.4,1015.1,1030,1012,2345,1013.4,12.7,2.4,1200,1.56,8.78,,,,,,5.8,3.8,25.4,17.9,,,,,,,,,,,,,
108,1991-09-11,22.5,20.4,2400,24.2,1552,3.07,0,,0,,0,6.4,270,1516,4.3,230,1030,2.7,2372,18.3,54,1622,77,21,1001.2,1012.3,22,1009.7,1623,1011.2,12.6,.3,1200,1.21,6.3,,,,,,6.5,4.1,23.5,16.5,,,,,,,,,,,,,
108,1991-09-12,21.2,16.7,650,26.2,1525,,,,,,,5.9,270,1830,4.7,270,1840,1.6,1404,12.4,28,1502,60.8,14.7,1003,1015,2400,1011.8,310,1013,12.6,5,1200,1.89,12.08,,,,,,5,2.5,23.7,13.8,,,,,,,,,,,,,
108,1991-09-13,22,15,633,28.7,1555,,,,,,,7.8,70,2252,4,50,2359,1.6,1363,12.9,37,1422,58,14.9,1004.7,1016.4,758,1012.6,1730,1014.8,12.6,10.2,1200,2.65,18.19,,,,,,1.8,1.4,24.9,11.8,,,,,,,,,,,,,
108,1991-09-14,22.7,19.1,406,28,1448,,,,,,,11.9,70,1100,4.7,70,1109,2.9,2543,12.4,37,1423,53.5,14.5,1004.9,1019.9,2337,1012.4,540,1014.9,12.5,9.8,1200,2.7,18.08,,,,,,2.5,1.9,25.5,15.8,,,,,,,,,,,,,
108,1991-09-15,21.7,17.1,553,27.2,1413,,,,,,,6.1,50,2318,3.7,50,2327,2,1765,11.3,38,1804,52.8,13.4,1011.4,1023.4,925,1019.8,0,1021.5,12.5,9,1200,2.7,16.11,,,,,,2.8,1.5,24.5,13.8,,,,,,,,,,,,,
108,1991-09-16,21.8,16.9,652,27,1546,,,,,,,5.4,50,635,3.7,50,232,1.8,1516,11,33,1258,50.3,13.1,1011.7,1023.6,955,1019.6,1625,1021.8,12.4,10.3,1200,2.67,18.02,,,,,,.8,.8,25.9,14.7,,,,,,,,,,,,,
108,1991-09-17,21.2,17.1,640,25.8,1504,,,,,,,3.2,50,1138,2.3,20,1239,1.1,959,12.6,43,1728,58.5,14.6,1006.5,1020.3,0,1012.6,2400,1016.7,12.4,6,1100,1.72,11.38,,,,,,6.5,2.8,23.2,14.6,,,,,,,,,,,,,
108,1991-09-18,22.8,17.5,555,28.1,1552,,,,,,,5.8,70,1145,3.2,290,2022,1.5,1303,14,37,1406,59.8,16.1,997.3,1012.6,0,1002.9,1752,1007.2,12.4,10.3,1200,2.56,17.1,,,,,,3.8,3.6,25,14.7,,,,,,,,,,,,,
108,1991-09-19,21.5,17.9,2400,25.2,1215,,,,,,,10.8,270,1544,7,270,1749,2.7,2302,13.9,49,1419,62.3,15.9,991.7,1003.8,0,999.9,1430,1001.7,12.3,9.4,1400,1.65,12.79,,,,,,4.3,3.1,25.8,14.9,,,,,,,,,,,,,
108,1991-09-20,17.5,13.7,648,22.6,1251,1.85,3.2,330,4.8,312,5.2,14.2,270,330,7,270,338,2.5,2187,12.1,49,1245,72.3,14.2,994.7,1009,2334,1002.4,148,1004.8,12.3,7.7,1200,2.23,12.6,,,,,,6,2.9,19.7,12.5,,,,,,,,,,,,,
108,1991-09-21,19.3,14.8,545,24,1618,1.05,1,322,1.3,230,1.3,3.4,270,1502,3,230,1517,1,877,13.5,49,1546,70,15.5,1003.5,1018.8,2355,1008.8,0,1013.6,12.2,6.6,1200,1.84,11.96,,,,,,5.8,3.1,22.3,13.1,,,,,,,,,,,,,
108,1991-09-22,19.8,15.5,652,26.2,1549,,,,,,,4,290,1915,3.3,290,1920,1.1,975,13,40,1623,66.8,15,1008.7,1021.1,1013,1017.3,1538,1018.9,12.2,8,1200,2.46,14.19,,,,,,3.3,2.4,21.8,9,,,,,,,,,,,,,
108,1991-09-23,19.1,15.6,542,23.1,1602,,,,,,,4,70,745,3.3,250,1921,1.4,1232,14.1,59,1630,73.8,16.1,1007.7,1019.2,954,1016.2,1810,1018,12.2,1.1,1100,.83,6.94,,,,,,5.5,2.9,20.3,13.2,,,,,,,,,,,,,
108,1991-09-24,19.8,15.8,720,23.6,1614,,,,,,,7.1,270,1248,5,270,1226,1.8,1587,15.4,54,1335,76.8,17.6,1006.7,1017.9,1037,1015.2,1715,1016.8,12.1,9.2,1100,1.9,12.43,,,,,,8,1,21.8,11.8,,,,,,,,,,,,,
108,1991-09-25,19.5,15.7,552,24.2,1558,,,,,,,6,50,1143,3.3,50,1151,1.3,1141,14.7,49,1630,75,16.7,1008.2,1019.6,1122,1017.4,55,1018.4,12.1,5.5,1100,1.02,8.4,,,,,,7.3,.5,21.4,11.9,,,,,,,,,,,,,
108,1991-09-26,18.6,16.8,533,21.4,1202,10.95,.8,2347,2.7,2257,11.6,5.7,50,1150,3.2,50,1157,1.8,1542,14.5,62,1153,77.8,16.7,1005.8,1019,0,1011.1,2357,1015.9,12,1.4,800,.7,4.09,,,,,,8.5,3.8,20.3,12.8,,,,,,,,,,,,,
108,1991-09-27,17.9,16.2,2400,19,1610,13.83,1.9,310,5.4,220,29,8.5,320,2110,5.7,320,2111,1.9,1617,14.8,63,2102,82.3,17,994.8,1011.1,0,999.5,1840,1005,12,0,1300,.49,2.66,,,,,,10,4.8,19.5,13.2,,,,,,,,,,,,,
108,1991-09-28,16.7,13,716,21.4,1552,,,,,,,7.2,270,1257,4.7,270,1302,2.7,2319,8.2,37,1524,58.5,10.9,1003.2,1018.7,2400,1004.8,0,1013.4,12,10.5,1200,2.67,17.49,,,,,,1.8,.5,20.5,9.5,,,,,,,,,,,,,
108,1991-09-29,16.1,10.1,652,22.5,1628,,,,,,,4.2,250,1432,3.3,200,1530,1.1,983,10.1,44,1557,70.3,12.4,1009.3,1021,1020,1017.5,1751,1019.6,11.9,10.2,1200,2.2,14.47,,,,,,1,.5,19.4,7,,,,,,,,,,,,,
108,1991-09-30,15.7,11.5,652,21,1657,,,,,,,3.1,50,1601,2.7,50,1608,1,860,11.5,54,1247,77,13.7,1008.4,1021.2,45,1016.7,1602,1018.7,11.9,4.3,1200,1.2,7.93,,,,,,6,3.1,16.8,9.7,,,,,,,,,,,,,
108,1991-10-01,18,11.1,702,25.8,1603,,,,,,,4.8,290,1715,4,290,1715,1.6,1370,11,28,1600,67.8,13.2,1006.6,1018.2,955,1014.8,1650,1016.9,11.8,10.7,1200,2.27,15.46,,,,,,0,0,21,7.6,,,,,,,,,,,,,
108,1991-10-02,18.4,14.1,605,23.6,1341,,,,,,,8,270,1428,5.7,270,1511,2.1,1806,14.3,64,1543,77.8,16.4,1006.3,1018.1,952,1014.7,2305,1016.5,11.8,7.7,1100,1.55,10.91,,,,,,1.8,2.4,21.7,11.4,,,,,,,,,,,,,
108,1991-10-03,18.7,16,2359,21.7,1252,2.67,0,,0,,0,8,290,1445,6,290,1703,1.7,1472,14.8,64,1057,78.8,16.9,1002.8,1015.2,10,1010.9,1619,1013,11.8,1.3,900,.99,5.38,,,,,,9,6,21.1,14.6,,,,,,,,,,,,,
108,1991-10-04,15.9,11.9,122,20.8,1558,4.62,.2,43,.5,42,1,12.2,270,1415,7,290,1802,2.9,2523,8.7,31,1428,66.5,11.5,1003,1017.5,2400,1011.9,433,1013.2,11.7,9.9,1100,2.33,15.26,,,,,,3.3,1.5,19.2,11.5,,,,,,,,,,,,,
108,1991-10-05,15.5,10.2,720,21.3,1545,,,,,,,6.1,250,1243,5,290,1841,1.6,1345,8.2,35,1558,63.8,11,1007.4,1019.5,929,1015.9,1605,1017.7,11.7,10,1100,2.05,12.32,,,,,,2.5,.9,18.1,6.9,,,,,,,,,,,,,
108,1991-10-06,16.6,10.5,650,22.2,1429,,,,,,,12,270,2005,6.3,230,1647,2.1,1847,10.8,49,1452,70,13,1006.5,1019.1,819,1013.7,1750,1016.8,11.6,9.5,1200,1.89,12.47,,,,,,4.5,1.3,19.4,7.7,,,,,,,,,,,,,
108,1991-10-07,13.3,8.7,635,18.8,1629,,,,,,,8,340,947,5.8,290,1130,1.9,1601,3,34,1601,50.8,7.7,1007.3,1019,2320,1016.2,1540,1017.7,11.6,10.4,1200,2.49,16.02,,,,,,0,0,15.8,3,,,,,,,,,,,,,
108,1991-10-08,15.7,8.8,647,23.5,1505,,,,,,,5.8,50,1958,3.7,50,1103,1.4,1178,7.9,42,1450,61.5,10.8,1009.3,1021,2228,1017.7,1519,1019.6,11.6,8.4,1100,2.21,13.66,,,,,,2.5,0,16.7,5.7,,,,,,,,,,,,,
108,1991-10-09,17.3,11,712,24.6,1510,,,,,,,6.6,50,2040,3.2,50,2046,1.5,1293,7.7,31,1450,56.3,10.6,1008.8,1021,920,1016.2,1550,1019,11.5,9.6,1200,2.29,14.68,,,,,,0,0,17.9,6.3,,,,,,,,,,,,,
108,1991-10-10,17.4,11,621,24.1,1453,,,,,,,5.7,50,1255,2.8,50,1304,1.1,973,6.6,33,1452,50,9.7,1006,1018.4,730,1013.6,1615,1016.2,11.5,10.2,1200,2.23,14.28,,,,,,.8,0,18.7,6,,,,,,,,,,,,,
108,1991-10-11,17.4,10.7,729,25.2,1510,,,,,,,5.8,50,1347,3,70,1020,1,886,5.4,30,1415,46.8,9,1004,1016.3,842,1011.8,1713,1014.3,11.4,10,1100,2.28,14.42,,,,,,1,.9,18.6,5.6,,,,,,,,,,,,,
108,1991-10-12,17,11.5,559,24.2,1543,,,,,,,2.1,50,420,1.8,270,1909,.9,780,8,37,1630,56,10.9,1001.6,1013.3,936,1010.1,1630,1011.9,11.4,5.8,1300,1.68,9.39,,,,,,4.3,1.9,18.7,7,,,,,,,,,,,,,
108,1991-10-13,17.4,11,649,24.2,1424,,,,,,,7.2,320,2102,6.3,270,1735,2.1,1814,9.6,34,1454,62.5,12.1,1002.1,1014.1,915,1010.6,1610,1012.4,11.4,9,1200,1.92,12.06,,,,,,0,0,18.7,7.6,,,,,,,,,,,,,
108,1991-10-14,13.4,9.3,700,17.7,1502,,,,,,,9.5,320,1102,6.2,320,1035,3.3,2864,1.2,30,1757,43.8,6.8,1006.1,1020.7,2400,1012.6,0,1016.5,11.3,9.8,1200,2.23,14.42,,,,,,.3,.3,14.8,4,,,,,,,,,,,,,
108,1991-10-15,12.5,6.7,706,17.9,1352,,,,,,,6.9,230,1659,5,230,1703,1.8,1566,3.3,28,1520,56.5,7.9,1009.6,1021.8,945,1018,1511,1020,11.3,7.3,1200,1.92,11.78,,,,,,4.8,1,12.5,2.9,,,,,,,,,,,,,
108,1991-10-16,13.3,10.6,622,17.4,1608,8.72,2.4,1843,7.9,1843,13.8,13.3,270,1816,8.2,270,1820,2.2,1915,9,63,40,76,11.6,1003.6,1018.1,0,1009.5,2049,1014,11.2,0,1300,.59,2.75,,,,,,8.5,3.5,13.9,8.5,,,,,,,,,,,,,
108,1991-10-17,12.8,9.5,730,17.2,1540,.55,2.2,20,3.2,0,3.2,12.2,290,1403,8,290,1350,3.4,2900,6.3,35,1403,68,9.8,1004.2,1017.3,2227,1011.4,10,1014.6,11.2,9.6,1100,2.25,14.15,,,,,,2.5,2.3,12.6,7.5,,,,,,,,,,,,,
108,1991-10-18,13.2,8.3,602,20.6,1342,,,,,,,18.1,230,1347,9.7,250,1250,3.6,3114,6.8,44,1658,66.3,10.1,1003.1,1016.7,0,1009.9,1418,1013.7,11.2,8.3,1300,1.67,9.3,,,,,,3,1.8,12.8,4.5,,,,,,,,,,,,,
108,1991-10-19,9.3,5.4,650,13,1420,,,,,,,11.3,270,945,8,270,1230,3.9,3356,0,37,1247,52.8,6.1,1008.4,1021.2,2220,1015.9,0,1019,11.1,9.3,1200,2.28,13.83,,,,,,1.5,1,10.1,1.4,,,,,,,,,,,,,
108,1991-10-20,9.8,5.2,637,14.1,1412,,,,,,,10,270,1434,7.2,270,1427,2.5,2155,-1.4,29,1215,47.3,5.7,1011.4,1023.9,948,1020.5,40,1021.9,11.1,9.8,1100,2.19,13.65,,,,,,1,1.1,9.8,1.9,,,,,,,,,,,,,
108,1991-10-21,10.9,4.1,655,17,1455,,,,,,,8.1,230,1501,5,230,1559,1.9,1619,2.2,24,1620,58.5,7.3,1013.5,1025.7,855,1022.2,1730,1024.1,11.1,9.7,1200,1.82,11.77,,,,,,2.3,.5,9.6,.8,,,,,,,,,,,,,
108,1991-10-22,10.5,5.4,724,14.8,1516,,,,,,,8.9,290,1330,5.2,290,1450,2.4,2115,-2.5,24,1515,38.8,5.4,1016.2,1028.6,1023,1024.8,0,1026.8,11,9.8,1200,2.21,14.13,,,,,,1.8,.9,9.1,-.8,,,,,,,,,,,,,
108,1991-10-23,11.1,5.7,410,17.1,1527,,,,,,,5.3,270,1552,3.5,230,1325,1.1,991,3.6,43,1527,60.3,8,1014.5,1027.1,120,1022.8,1730,1025.1,11,6.8,1100,1.63,8.3,,,,,,6,1.8,10.9,2,,,,,,,,,,,,,
108,1991-10-24,11.5,7.5,555,16.3,1602,1.23,2.5,2320,5.7,2300,5.7,13.1,320,2240,8.3,320,2249,1.6,1353,5.5,41,1620,68.3,9,1008.6,1024.3,0,1014.7,1729,1019.2,10.9,5.8,1000,1.05,6.83,,,,,,6,1.5,11.1,2.7,,,,,,,,,,,,,
108,1991-10-25,12.4,7.7,628,18.3,1413,2.58,.7,8,2.3,28,3.6,10.2,270,10,5.3,270,20,1.5,1276,7.7,49,1535,74,10.5,1006,1018.4,2400,1015.3,407,1016.3,10.9,6.4,1200,1.81,8.77,,,,,,5.3,1.5,12.1,4,,,,,,,,,,,,,
108,1991-10-26,15,10.4,603,22.3,1435,.7,0,,0,,0,11.1,200,1725,7.5,270,2340,3.1,2719,7.7,35,1350,64,10.5,1007.6,1020,2400,1015.8,1610,1017.9,10.9,6.8,1100,1.58,8.59,,,,,,4.8,2.9,13.9,5.8,,,,,,,,,,,,,
108,1991-10-27,11,8,2400,14.9,1432,,,,,,,11,270,1405,7.7,270,1450,3.4,2975,3.1,42,1450,58.8,7.7,1009.7,1022.4,2310,1019.1,347,1020.2,10.8,8.9,1200,1.96,11.67,,,,,,1.8,2.6,11,4,,,,,,,,,,,,,
108,1991-10-28,10.6,6.2,744,15.3,1403,,,,,,,9.3,270,1222,6.3,230,1245,1.7,1488,3,43,1358,59.8,7.6,1010,1022.1,0,1018.8,1606,1020.6,10.8,8.6,1100,1.85,10.46,,,,,,1.5,2,10.4,1.6,,,,,,,,,,,,,
108,1991-10-29,10.5,4.8,650,16.4,1528,,,,,,,6,270,1556,4.3,270,1610,1.1,937,4.5,35,1218,71.3,8.5,1007.8,1020.5,853,1015.8,2400,1018.2,10.8,9.5,1200,1.67,10.12,,,,,,0,0,9.4,0,,,,,,,,,,,,,
108,1991-10-30,11.7,8,2400,17,1450,,,,,,,8.9,290,1243,6,290,1226,1.8,1513,3.8,38,1640,63,8.4,1005.2,1018.2,2330,1014.5,1350,1015.7,10.7,8.3,1300,1.54,9.61,,,,,,4.5,2.1,10.7,2,,,,,,,,,,,,,
108,1991-10-31,10.9,4.5,718,18.1,1448,,,,,,,7.8,290,2005,5.2,290,2009,1.2,1053,2.9,46,1530,58,7.8,1008,1020.3,905,1016.6,1718,1018.6,10.7,7.9,1100,1.7,8.75,,,,,,1.8,.9,9.7,.7,,,,,,,,,,,,,
108,1991-11-01,10.8,5.7,718,16.2,1338,,,,,,,4.7,270,1932,4,270,1935,1.5,1257,5.7,51,1558,72.3,9.2,1008.7,1020.6,922,1017.7,1700,1019.2,10.6,6.4,1100,1.34,7.66,,,,,,1.3,.6,9.5,.7,,,,,,,,,,,,,
108,1991-11-02,11.5,6.7,535,15.7,1428,,,,,,,7.5,230,1415,5,200,1440,1.8,1580,6.9,58,1425,74.5,10,1007.1,1019.3,0,1015.8,1530,1017.6,10.6,2.6,1100,1.24,4.88,,,,,,8,6.6,10.8,1.3,,,,,,,,,,,,,
108,1991-11-03,10.3,1.7,2400,14.2,1000,.25,,,,,0,12.5,290,1122,8.7,290,1135,3.3,2837,3.1,27,1842,63.5,8.8,1007.9,1025.6,2400,1015.5,658,1018.4,10.6,2.8,1400,.99,4.61,,,,,,6.5,3.9,10.8,-1.9,,,,,,,,,,,,,
108,1991-11-04,3.7,-1.6,730,9.3,1552,,,,,,,6.8,290,1904,4.8,290,1913,1.8,1578,-12.1,19,1430,31.8,2.5,1018.5,1032.8,2400,1025.6,0,1029.5,10.5,8.6,1100,1.43,8.55,,,,,,0,.1,3.3,-5.6,,,,,,,,,,,,,
108,1991-11-05,7.8,1.3,622,14.7,1520,,,,,,,4.5,70,1247,2.8,70,1239,1.1,990,-3.4,34,1148,46.3,4.9,1022.5,1035.1,1020,1031.1,100,1033.3,10.5,6.3,1100,1.65,8.64,,,,,,1.8,.9,6.9,-2.7,,,,,,,,,,,,,
108,1991-11-06,11,5.7,448,17.6,1450,,,,,,,3.7,230,1247,2.7,70,840,1,846,3.2,39,1435,59.5,7.7,1018.6,1032.4,130,1024.6,2318,1029.3,10.4,8.1,1100,1.5,8.52,,,,,,0,0,8.1,.5,,,,,,,,,,,,,
108,1991-11-07,9.3,6.5,417,11,1150,10.12,1.2,1510,4.5,1500,16.3,6.8,290,2153,5,290,2203,1.6,1350,6.1,59,1008,81.5,9.5,1007.9,1024.8,0,1013.5,1810,1018.6,10.4,0,900,.29,1.21,,,,,,7.5,3.9,8.4,1,,,,,,,,,,,,,
108,1991-11-08,7,3.8,745,10.6,1532,.25,0,,0,,0,9.2,270,1613,7,270,1615,3.4,2952,-1.3,30,1610,58.8,5.7,1008.9,1023.5,2400,1016,0,1019.6,10.4,9,1100,1.84,10.76,,,,,,2.8,1.8,7.4,1.2,,,,,,,,,,,,,
108,1991-11-09,6.4,1,717,9.6,1414,2.25,1.9,2300,4,2300,6.8,12.2,320,2250,6.3,320,2308,1.5,1338,-1.3,40,5,58.5,5.7,1012.1,1025.2,827,1020.5,2240,1022.9,10.4,4.2,1100,1.84,10.38,,,,,,5.8,3.6,5.9,-3.4,,,,,,,,,,,,,
108,1991-11-10,4.9,2.3,2400,7.7,1608,,,,,,,9.8,270,1836,7,270,1842,2.9,2517,-2,31,1502,64.5,5.5,1012.1,1024.9,2336,1020.7,0,1022.9,10.3,8.2,1100,1.8,10.21,,,,,,1.8,1.3,5,-1.6,,,,,,,,,,,,,
108,1991-11-11,2.3,0,730,5.8,1422,,,,,,,9.6,290,1415,6.5,290,1346,2.7,2373,-5.3,39,1145,58.3,4.2,1014.3,1027.1,1032,1023.8,1642,1025.3,10.3,7.3,1100,1.7,8.99,,,,,,2,2.3,2.6,-4.4,,,,,,,,,,,,,
108,1991-11-12,6.3,1.8,734,10.4,1527,.13,0,,0,,0,11.1,230,1537,7.7,230,1520,2.4,2071,-.8,46,1301,60,5.9,1012.6,1025.2,900,1021.1,1518,1023.3,10.3,5.4,1100,1.4,6.71,,,,,,5,3.4,6.1,-4.2,,,,,,,,,,,,0,
108,1991-11-13,8.1,4.4,2400,12.3,1334,1.05,0,,0,,0,8,290,1350,5.7,290,1210,2.2,1910,-1.6,27,1305,54,5.7,1013.7,1028.2,2220,1022.2,555,1024.4,10.2,9,1100,1.74,9.62,,,,,,2.5,2,6.2,-2.6,,,,,,,,,,,,,
108,1991-11-14,4.6,1.5,721,8.4,1528,,,,,,,12,270,1433,7.7,270,1433,2.6,2229,-8.3,31,1453,41.5,3.3,1018.3,1030.7,2303,1027.7,1510,1029.2,10.2,8.7,1100,1.71,9.79,,,,,,0,0,3,-5,,,,,,,,,,,,,
108,1991-11-15,3.8,-.7,620,9.4,1517,,,,,,,7.7,290,1357,6,290,1328,1.7,1467,-7.4,23,1430,47,3.5,1019.8,1032.3,910,1029.1,1730,1030.7,10.2,9.1,1100,1.66,9.29,,,,,,0,0,2.5,-7,,,,,,,,,,,,,
108,1991-11-16,5.9,.1,640,11.2,1430,1,.5,2050,.5,2025,.5,9.8,200,1515,7,200,1508,2.3,1959,-.8,37,1220,63.3,6.1,1016.7,1031.1,15,1024.4,2330,1027.5,10.2,7.3,1100,1.42,7.2,,,,,,3.3,1.9,4.4,-4.8,,,,,,,,,,,,,
108,1991-11-17,7.1,4.4,701,10.6,1501,,,,,,,6.4,250,1326,5.3,290,1107,2.2,1898,2.1,44,1547,72.3,7.2,1013.4,1025.5,1116,1022.9,1725,1024.1,10.1,8.2,1200,1.59,8.91,,,,,,1.8,.6,5.4,-2.6,,,,,,,,,,,,,
108,1991-11-18,6.2,1.2,510,11.3,1502,.33,0,,0,,0,6.2,200,1538,4.7,200,1542,1.3,1089,1.2,46,1244,71.5,6.7,1011,1023.9,0,1018,2400,1021.7,10.1,4.8,1200,1.43,6.27,,,,,,6.3,3.3,5.5,-4,,,,,,,,,,,,,
108,1991-11-19,6.3,3.7,810,9.9,1240,4.55,2.5,400,8,335,11.2,13.5,270,1251,8.3,270,2329,3.4,2902,1.7,55,2210,73,7,1006,1022.6,2400,1013.3,333,1016.7,10.1,3.6,1200,1.07,4.97,,,,,,9,3.4,6.5,.3,,,,,,,,,,,,,
108,1991-11-20,4.5,.3,733,8.8,1433,,,,,,,9.6,270,10,6.7,270,25,2.3,2017,-4.7,28,1213,52.3,4.4,1016,1028.8,930,1022.6,0,1026.9,10,8,1200,1.63,8.88,,,,,,1,2.3,3.6,-4.1,,,,,,,,,,,,,
108,1991-11-21,7.8,4.6,305,12.3,1233,,,,,,,7,230,1605,5,230,1340,1.9,1645,.6,47,1323,60,6.4,1016.7,1028.7,930,1026.3,1758,1027.5,10,4.8,1100,1.39,5.97,,,,,,5,4.8,6.4,.5,,,,,,,,,,,,,
108,1991-11-22,9.9,7.1,755,12.6,1300,2.67,,,,,0,5.1,230,1724,4.3,230,1733,1.4,1242,3.8,45,1425,66.5,8,1014.7,1026.9,220,1023.6,2346,1025.4,10,1.5,1200,1,3.3,,,,,,9,6,9.2,3.2,,,,,,,,,,,,,
108,1991-11-23,9.1,3,2400,12.7,1508,6.45,.2,420,.2,420,.2,9.5,290,2048,7.3,290,2251,2.9,2501,3.6,29,1640,70.5,8.3,1012.9,1029.3,2400,1021.7,624,1023.6,10,6.5,1200,1.15,6.28,,,,,,6,1.4,9.1,-.8,,,,,,,,,,,,,
108,1991-11-24,1.3,-1.6,740,4.6,1450,,,,,,,9.6,290,1120,7.2,320,1923,3.4,2930,-9.5,30,1550,46.8,3,1023.4,1038.6,2400,1029.3,0,1034.4,9.9,9.1,1100,1.63,8.8,,,,,,0,0,1.7,-6.7,,,,,,,,,,,,,
108,1991-11-25,1.2,-4,730,7.7,1438,,,,,,,5.7,290,1718,4.3,290,1705,1.2,1053,-10.9,20,1511,43.3,2.7,1027,1040.2,930,1036.2,1711,1038.2,9.9,7.1,1100,1.19,6.59,,,,,,1.8,1.3,1.1,-8.2,,,,,,,,,,,,,
108,1991-11-26,3.4,-1.9,740,9.1,1302,,,,,,,4.9,290,1352,4,290,1430,1.5,1283,-8.7,19,1613,44,3.2,1022.5,1036.7,0,1030.1,2400,1033.5,9.9,8.4,1100,1.61,8.62,,,,,,2.5,.4,1.6,-6.1,,,,,,,,,,,,,
108,1991-11-27,4.7,.4,735,9.7,1459,,,,,,,4.2,290,1547,3.8,270,1600,1.5,1325,-6.9,24,1551,44,3.7,1014.4,1030.1,0,1021.9,2300,1025.3,9.9,6.2,1200,1.18,5.83,,,,,,3.5,2,2.5,-3.8,,,,,,,,,,,,,
108,1991-11-28,6.3,3.3,423,10.9,1546,,,,,,,7.1,290,1243,5.7,290,1250,1.7,1441,-1.8,40,0,56.5,5.6,1008.8,1022.5,30,1017.2,1443,1019.4,9.8,4.4,1300,1.2,5.59,,,,,,3.3,.3,4.3,-2.7,,,,,,,,,,,,,
108,1991-11-29,6.2,1.7,649,11.5,1505,,,,,,,3.9,50,731,3.2,70,1003,1.3,1127,1.9,53,1453,74.5,7,1008.1,1021.1,830,1017,1732,1018.9,9.8,5.9,1100,1.17,5.9,,,,,,3.8,1,3.7,-3.2,,,,,,,,,,,,,
108,1991-11-30,6.6,2,2358,11,1343,,,,,,,6.6,290,1444,6.3,270,2001,2.2,1931,-.7,37,1938,60.8,6,1008.2,1021.2,2340,1017.1,455,1018.9,9.8,4.3,1300,1.07,4.74,,,,,,4.3,3.8,5.3,-2.9,,,,,,,,,,,,,
108,1991-12-01,2.9,-1.2,719,7.8,1358,,,,,,,4,270,1724,3.5,270,1643,1.3,1126,-6.6,31,1620,50,3.7,1011.8,1024.2,1030,1020.9,120,1022.7,9.8,7.5,1200,1.15,6.13,,,,,,0,0,2,-6.4,,,,,,,,,,,,,
108,1991-12-02,4.2,-.5,740,8.8,1331,.83,.1,2330,.2,2300,.2,6,290,1831,4.3,290,1840,1.5,1305,-3.5,44,1331,57.3,4.8,1011.3,1023.8,0,1020.2,2315,1022.1,9.8,3.1,1100,.93,4.24,,,,,,5.5,3.4,2.9,-7.2,,,,,,,,,,,,,
108,1991-12-03,2.8,-.6,830,7.3,0,,,,,,,8.4,270,215,5.8,290,248,3.2,2754,-6.8,29,1404,50.8,3.9,1013,1026.7,2350,1019.9,110,1023.9,9.7,7.7,1200,1.48,7.5,,,,,,0,0,2.5,-6.5,,,,,,,,,,,,,
108,1991-12-04,2.6,-3.3,718,8.4,1423,,,,,,,5.6,230,1557,4.7,230,1610,1.6,1415,-5.8,37,0,54.5,4.1,1015.5,1027.7,1028,1024.9,1540,1026.5,9.7,6.3,1200,1.23,5.83,,,,,,3.5,2.5,1.7,-4.1,,,,,,,,,,,,,
108,1991-12-05,6.1,1.8,744,12.3,1440,,,,,,,4.3,70,714,2.8,70,723,1.6,1353,-2,32,1215,56,5.3,1015.5,1027.8,1030,1024.5,1510,1026.3,9.7,7.5,1300,1.23,6.37,,,,,,2.3,.9,2.8,-4.4,,,,,,,,,,,,,
108,1991-12-06,8.1,2.4,520,12.8,1617,,,,,,,7.9,290,2235,7,290,2323,2,1721,.6,37,1445,59.5,6.8,1014.9,1027.3,2318,1023.8,1450,1025.6,9.7,2.1,1200,.86,3.19,,,,,,5,3.6,4.7,-4.7,,,,,,,,,,,,,
108,1991-12-07,8.4,6.2,710,10.9,1317,,,,,,,6.2,320,2335,5,320,2330,1.7,1459,5.2,67,1330,80.3,8.9,1014.7,1027.9,1022,1022.4,1909,1025.4,9.7,1,1100,.72,3.19,,,,,,9.5,3.3,7.3,.9,,,,,,,,,,,,,
108,1991-12-08,3.8,-.9,2358,6.4,0,8.5,0,,0,,0,11,320,2158,10,320,2206,2.8,2410,1.2,73,2250,83.3,6.7,1013.5,1028.7,2400,1022.2,150,1024.4,9.7,0,1400,.21,.56,,,,,,9.5,4.3,5,-3.3,,,,,,,,,,,,,
108,1991-12-09,-1,-3.8,750,1.8,1424,,,,,,,9,320,22,8,320,14,2.8,2407,-10.1,38,2045,51,2.9,1021.7,1035,1114,1028.7,0,1032.8,9.6,8.3,1200,1.41,7.01,,,,,,0,0,-.4,-8,,,,,,,,,,,,,
108,1991-12-10,-.7,-3.7,650,2,1358,4.58,,,,,4.4,6.9,90,1748,4,90,2050,2,1718,-6.6,49,0,65.8,3.9,1018.3,1034.6,0,1020.6,2400,1029.5,9.6,0,1200,.53,2.2,2.2,2123,2.2,2123,2.4,7.5,6.1,-.2,-7.6,,,,,,,,,,,,,
108,1991-12-11,-1.8,-8.4,2400,1.1,558,.67,,,,,0,15,320,1014,10.7,320,1032,4.9,4264,-6.8,43,1417,71,4,1013.8,1031.9,2400,1019.1,215,1024.9,9.6,7.2,1200,1.45,7.37,,,1.5,0,,5.5,2,-.7,-8.7,,,,,,,,,,,,,
108,1991-12-12,-7.9,-11,830,-4.7,1453,,,,,,,11,340,1516,7,340,1535,3.3,2811,-16.8,35,1530,50.5,1.7,1022.7,1036.5,1007,1031.9,0,1034.2,9.6,8.3,1200,1.49,7.94,,,,,,0,0,-3.1,-11.3,,,,,,,,,,,,,
108,1991-12-13,-1.9,-8.2,28,2.9,1454,,,,,,,5.9,90,1047,3.7,90,1021,2.2,1888,-7.7,55,117,64.8,3.6,1019.4,1033.6,0,1028.4,1546,1030.7,9.6,4.6,1200,1.25,5.52,,,,,,8,4.3,-1,-10.6,,,,,,,,,,,,,
108,1991-12-14,5.6,1.6,10,9.6,1550,,,,,,,7.2,230,1552,5,230,1600,1.8,1533,.8,57,1412,70.8,6.5,1018.7,1031.2,1003,1028.1,1530,1029.5,9.6,1.3,1200,.91,4.1,,,,,,7.3,4.9,2.4,-3.3,,,,,,,,,,,,,
108,1991-12-15,7,2.4,657,12.5,1430,,,,,,,3.8,90,950,2.5,90,1154,1.3,1096,3,57,1412,76.8,7.6,1018.9,1031.1,1046,1028.4,1440,1029.7,9.6,6.5,1100,1.12,5.64,,,,,,4,2.1,3.5,-1.9,,,,,,,,,,,,,
108,1991-12-16,8.7,4.8,336,12.9,1507,.72,,,,,0,4.5,90,1140,3,90,930,1.6,1369,3.1,51,1502,69,7.6,1015.9,1029.7,0,1023,2350,1026.6,9.6,2.7,1300,.95,3.81,,,,,,6.8,3.4,5.8,-2.4,,,,,,,,,,,,,
108,1991-12-17,6.4,1.8,2400,8.8,0,15.47,1,451,3.4,451,12,8.7,320,1822,6.3,320,1720,2.7,2306,4.6,77,50,88.8,8.6,1008.5,1023.1,0,1016.3,1423,1019.2,9.6,0,1300,.16,.48,,,,,,10,4.4,5.8,1.4,,,,,,,,,,,,,
108,1991-12-18,3.1,1,540,4.6,1549,2.08,,,,,0,5.6,320,126,4.8,320,134,2,1711,.3,72,2205,82.3,6.2,1011.2,1023.4,1120,1021.3,110,1022.1,9.6,0,1200,.47,1.72,,,,,,10,4.1,4.5,.6,,,,,,,,,,,,,
108,1991-12-19,3.6,1.8,840,6.3,1540,,,,,,,7.1,340,1132,4.7,340,1140,1.8,1597,0,62,1644,78.3,6.1,1014.7,1029.1,2400,1022.7,132,1025.6,9.6,2.9,1200,1.35,4.43,,,,,,5.5,2.9,2.9,-3,,,,,,,,,,,,,
108,1991-12-20,3.2,.3,515,7.4,1347,,,,,,,6.3,320,1531,5,340,1458,1.7,1445,0,62,1323,80,6.1,1017.8,1030.6,950,1026.6,1640,1028.7,9.6,3.8,1100,.96,4.87,,,,,,2.5,2.4,1.7,-3.7,,,,,,,,,,,,,
108,1991-12-21,2.3,-.4,816,6,1508,,,,,,,5.3,340,1843,4.3,320,1620,1.5,1313,-2.3,52,1653,73.3,5.2,1016.7,1029.2,2152,1025.9,1458,1027.7,9.6,3.5,1100,1.03,4.8,,,,,,1.8,.8,.9,-5.6,,,,,,,,,,,,,
108,1991-12-22,4.7,-.5,415,10.7,1502,,,,,,,5.1,90,1154,3,90,1240,1.4,1244,-.7,50,1433,69.3,5.8,1015.9,1029.1,1024,1024.3,2043,1026.8,9.6,4.6,1100,1.03,4.81,,,,,,3.3,3.4,2.5,-5.2,,,,,,,,,,,,,
108,1991-12-23,6.2,4.9,2400,8,1455,9.63,.2,1610,.3,1600,.7,5.1,320,1552,3.7,320,1640,1.6,1411,2.4,61,1440,77.5,7.3,1012.8,1025.2,0,1021.9,1430,1023.5,9.6,0,1000,.71,2.4,,,,,,9.5,3.8,4.7,-1.9,,,,,,,,,,,,,
108,1991-12-24,3.4,.6,840,5.6,1506,,,,,,,6.7,320,429,5.3,340,504,2.7,2317,-.4,62,1525,76,6,1014.7,1027.1,1030,1024.2,2400,1025.6,9.6,2.1,1100,1.03,5.06,,,,,,6.5,3.3,3.4,-.6,,,,,,,,,,,,,
108,1991-12-25,3.2,2.1,2400,4.5,1433,15.97,.3,1210,1.2,1150,10.1,7.2,70,1710,4,70,1729,1.9,1612,.7,66,323,84.3,6.5,1011.1,1024.2,0,1020.4,1404,1022,9.6,0,1300,.31,1.55,,,,,,9.5,4.4,3,.5,,,,,,,,,,,,,
108,1991-12-26,3.2,1.3,750,5.2,1450,10.72,,,,,3.2,6.8,90,145,4,90,520,2.4,2056,.4,70,1530,83,6.3,1010.7,1024.1,920,1018.9,2400,1021.5,9.6,0,1200,.69,2.69,,,,,,10,5.1,3.5,1,,,,,,,,,,,,,
108,1991-12-27,1,-2.2,2400,3.7,0,19.02,,,,,8.8,11.9,320,1715,8,320,1942,3.1,2637,-1,64,2210,87,5.8,1003.8,1018.9,0,1011.8,2340,1014.7,9.6,0,1200,.28,.95,.8,815,.8,815,1.4,9.3,5.5,1.8,-2.4,,,,,,,,,,,,,
108,1991-12-28,-5.7,-9,2400,-2.2,0,9.22,,,,,3.5,13,320,1554,9.3,320,1649,4.7,4065,-10.2,49,2350,70,2.9,1002.5,1020.8,2400,1009.6,617,1013.7,9.6,3.2,1500,.75,4.79,5,445,5,445,4.8,4.3,2.5,-1.7,-9.2,,,,,,,,,,,,,
108,1991-12-29,-8.1,-11.1,510,-3.9,1528,,,,,,,10.2,320,1215,6.3,320,1500,2.6,2279,-16.5,42,940,51.3,1.7,1014.3,1029.1,2400,1020.8,0,1025.7,9.6,8.1,1200,1.61,8.2,,,2.8,0,,0,0,-4.2,-11.5,,,,,,,,,,,,,
108,1991-12-30,-5.6,-10.6,608,-.2,1512,,,,,,,4.7,320,1452,3.7,320,1503,1.2,1005,-12,43,1336,61.3,2.5,1018.8,1031.7,1057,1029.1,0,1030.1,9.6,8,1200,1.31,6.93,,,1.5,0,,2,1.9,-3.5,-12.9,,,,,,,,,,,,,
108,1991-12-31,-.4,-3.7,748,4.1,1440,.5,,,,,0,4.5,90,347,2.7,70,1000,1.2,1053,-6.1,54,1435,65.8,3.9,1016.2,1029.8,40,1025.4,1730,1027.3,9.6,2.2,1300,.95,4.88,,,1.2,0,0,8.5,5.5,-.7,-6.2,,,,,,,,,,,,,
